Trial Number,Suggestion Number,Clock Period (ns) Entered,Clock_Min_Period,Clock Slack (ns),Clock_Worst_Slack,Wmem Depth,Cache Depth,Gbus width,Total Period (ns),ABC Max Fanout,ABC Map Effort,Power (W),Area (um^2),Total Cells,Sequential Cells,Combinational Cells,Sequential_Internal,Sequential_Switching,Sequential_Leakage,Sequential_Total,Combinational_Internal,Combinational_Switching,Combinational_Leakage,Combinational_Total,Num_Wires,Num_Wire_Bits,Num_Public_Wires,Num_Public_Wire_Bits,Num_Cells,Chip_Area,Num_Memories,Num_Memory_Bits,Num_Processes,Total Time(s)
1,0,6,3.913,1.881,1.881,128,256,16,5.794,N/A,N/A,0.102,378844.592,54255,8774,45481,0.0681,0.0029,7.34e-08,0.071,0.0135,0.017,8.98e-08,0.0305,54378,55413,8992,10027,54255,378844.592,0,0,0,48
1,1,6,3.904,1.891,1.891,256,256,128,5.795,N/A,N/A,0.84,3371324.617599,470816,83871,386945,0.617,0.0173,6.86e-07,0.635,0.0914,0.115,6.83e-07,0.206,470687,476726,84872,90911,470816,3371324.617599,0,0,0,457
1,2,6,4.043,1.744,1.744,1536,64,64,5.787,N/A,N/A,0.91,4329857.676797,595374,111803,483571,0.775,0.00629,9.06e-07,0.781,0.0515,0.0769,7.03e-07,0.128,595389,598568,112357,115536,595374,4329857.676797,0,0,0,801
1,3,6,4.24,1.537,1.537,2048,2048,128,5.777,N/A,N/A,3.98,20758167.478642,2846886,542623,2304263,3.68,0.00784,4.37e-06,3.68,0.1,0.201,3.02e-06,0.301,2846757,2852802,543630,549675,2846886,20758167.478642,0,0,0,10991
1,4,6,3.927,1.866,1.866,1024,256,128,5.793,N/A,N/A,1.5,7090883.219197,977709,182175,795534,1.27,0.013,1.48e-06,1.28,0.0899,0.129,1.18e-06,0.219,977580,983621,183178,189219,977709,7090883.219197,0,0,0,1389
1,5,6,4.097,1.687,1.687,2048,1024,128,5.784000000000001,N/A,N/A,3.07,15782895.798505,2164783,411551,1753232,2.8,0.00765,3.31e-06,2.81,0.0955,0.172,2.37e-06,0.268,2164654,2170698,412557,418601,2164783,15782895.798505,0,0,0,7305
1,6,6,4.077,1.709,1.709,2048,2048,16,5.786,N/A,N/A,0.514,2643255.091199,365088,68166,296922,0.468,0.0018,5.51e-07,0.47,0.0151,0.0283,4.04e-07,0.0435,365211,366253,68391,69433,365088,2643255.091199,0,0,0,345
1,7,6,3.88,1.916,1.916,2048,128,128,5.795999999999999,N/A,N/A,2.29,11435590.137708,1566362,296863,1269499,2.04,0.0103,2.4e-06,2.05,0.0887,0.147,1.75e-06,0.236,1566233,1572274,297866,303907,1566362,11435590.137708,0,0,0,6224
1,8,6,3.693,2.113,2.113,512,32,16,5.806,N/A,N/A,0.118,473666.784,67817,11334,56483,0.0848,0.00265,9.39e-08,0.0874,0.013,0.0173,9.74e-08,0.0303,67940,68974,11551,12585,67817,473666.784,0,0,0,61
1,9,6,4.12,1.664,1.664,256,2048,64,5.784,N/A,N/A,1.25,6061340.806396,834060,156859,677201,1.09,0.00849,1.27e-06,1.1,0.0605,0.0947,9.59e-07,0.155,834075,837256,157415,160596,834060,6061340.806396,0,0,0,1322
10,0,6,3.784,2.017,2.017,256,1536,16,5.801,N/A,N/A,0.258,1235142.099199,172284,31302,140982,0.22,0.0025,2.55e-07,0.222,0.0142,0.0217,2.1e-07,0.0359,172407,173446,31524,32563,172284,1235142.099199,0,0,0,150
10,1,6,3.983,1.807,1.807,512,1024,16,5.79,N/A,N/A,0.227,1079471.548799,150993,27206,123787,0.192,0.00235,2.22e-07,0.194,0.0134,0.0199,1.84e-07,0.0333,151116,152155,27428,28467,150993,1079471.548799,0,0,0,118
10,2,6,3.924,1.869,1.869,1024,1024,16,5.793,N/A,N/A,0.283,1390671.263999,193394,35398,157996,0.246,0.00188,2.87e-07,0.248,0.0137,0.0215,2.3e-07,0.0352,193517,194557,35621,36661,193394,1390671.263999,0,0,0,149
10,3,6,3.959,1.833,1.833,1024,1024,32,5.792,N/A,N/A,0.558,2725471.443199,375201,70406,304795,0.485,0.00296,5.7e-07,0.488,0.0269,0.0429,4.34e-07,0.0698,375288,377041,70740,72493,375201,2725471.443199,0,0,0,312
10,4,6,4.196,1.584,1.584,128,128,128,5.779999999999999,N/A,N/A,0.563,2106517.817599,286184,51103,235081,0.378,0.0119,4.2e-07,0.389,0.0764,0.0976,4.27e-07,0.174,286055,292092,52102,58139,286184,2106517.817599,0,0,0,230
10,5,6,3.816,1.983,1.983,512,1024,32,5.7989999999999995,N/A,N/A,0.45,2101746.991999,290455,54022,236433,0.377,0.00404,4.38e-07,0.381,0.0276,0.0415,3.4e-07,0.0691,290542,292294,54355,56107,290455,2101746.991999,0,0,0,243
10,6,6,3.754,2.049,2.049,1024,128,32,5.803,N/A,N/A,0.359,1641933.494399,225878,41734,184144,0.292,0.00355,3.39e-07,0.296,0.0258,0.0371,2.81e-07,0.063,225965,227715,42065,43815,225878,1641933.494399,0,0,0,184
11,0,6,3.917,1.876,1.876,256,1024,16,5.792999999999999,N/A,N/A,0.203,925724.092799,129905,23110,106795,0.164,0.00251,1.89e-07,0.167,0.0149,0.0212,1.69e-07,0.0362,130028,131066,23331,24369,129905,925724.092799,0,0,0,103
11,1,6,3.914,1.88,1.88,128,128,64,5.7940000000000005,N/A,N/A,0.318,1074085.1328,146173,25787,120386,0.197,0.00829,2.13e-07,0.205,0.0499,0.0631,2.42e-07,0.113,146188,149364,26338,29514,146173,1074085.1328,0,0,0,122
11,2,6,3.824,1.974,1.974,128,512,64,5.798,N/A,N/A,0.495,1999838.003199,275924,50363,225561,0.367,0.00974,4.11e-07,0.377,0.0513,0.0669,3.68e-07,0.118,275939,279117,50916,54094,275924,1999838.003199,0,0,0,255
11,3,6,3.758,2.044,2.044,32,32,32,5.802,N/A,N/A,0.107,312128.1056,45314,6918,38396,0.0554,0.00324,5.88e-08,0.0586,0.0211,0.0275,8.65e-08,0.0486,45401,47144,7242,8985,45314,312128.1056,0,0,0,38
11,4,6,4.104,1.68,1.68,1024,1536,16,5.784,N/A,N/A,0.34,1701814.675199,236118,43590,192528,0.301,0.00186,3.53e-07,0.303,0.0136,0.0228,2.72e-07,0.0364,236241,237282,43814,44855,236118,1701814.675199,0,0,0,197
11,5,6,4.319,1.454,1.454,1536,512,32,5.773,N/A,N/A,0.556,2719567.0304,374956,70406,304550,0.487,0.00361,5.7e-07,0.491,0.0249,0.0407,4.22e-07,0.0656,375043,376796,70740,72493,374956,2719567.0304,0,0,0,357
11,6,6,4.251,1.526,1.526,1536,2048,32,5.777,N/A,N/A,0.901,4587497.273602,630134,119558,510576,0.819,0.0028,9.66e-07,0.821,0.0279,0.0524,6.82e-07,0.0803,630221,631976,119894,121649,630134,4587497.273602,0,0,0,631
12,0,6,3.818,1.981,1.981,128,64,128,5.799,N/A,N/A,0.493,1785152.102399,244753,42911,201842,0.316,0.00939,3.54e-07,0.325,0.0736,0.095,3.74e-07,0.169,244624,250660,43909,49945,244753,1785152.102399,0,0,0,189
12,1,6,4.319,1.454,1.454,512,512,32,5.773,N/A,N/A,0.332,1475269.900799,205095,37638,167457,0.268,0.00481,3.06e-07,0.272,0.0247,0.0351,2.44e-07,0.0598,205182,206933,37970,39721,205095,1475269.900799,0,0,0,173
12,2,6,3.982,1.808,1.808,1024,1024,128,5.79,N/A,N/A,2.16,10824280.092793,1487897,280479,1207418,1.92,0.00797,2.26e-06,1.93,0.0886,0.145,1.69e-06,0.234,1487768,1493811,281484,287527,1487897,10824280.092793,0,0,0,2183
12,3,6,4.184,1.596,1.596,32,2048,128,5.78,N/A,N/A,2.19,10951269.385711,1504039,284575,1219464,1.95,0.00796,2.3e-06,1.96,0.0857,0.148,1.67e-06,0.234,1503910,1509949,285576,291615,1504039,10951269.385711,0,0,0,4777
12,4,6,3.913,1.881,1.881,2048,256,16,5.794,N/A,N/A,0.316,1550164.230399,215345,39494,175851,0.276,0.00253,3.2e-07,0.278,0.0146,0.0229,2.53e-07,0.0375,215468,216507,39716,40755,215345,1550164.230399,0,0,0,204
13,0,6,4.357,1.413,1.413,1536,1536,128,5.7700000000000005,N/A,N/A,3.06,15748261.33121,2160294,411551,1748743,2.8,0.00718,3.31e-06,2.81,0.0908,0.17,2.35e-06,0.261,2160165,2166210,412558,418603,2160294,15748261.33121,0,0,0,7334
13,1,6,4.152,1.63,1.63,64,1536,128,5.782,N/A,N/A,1.75,8608991.705613,1182292,223135,959157,1.53,0.00706,1.81e-06,1.54,0.0809,0.135,1.34e-06,0.216,1182163,1188203,224137,230177,1182292,8608991.705613,0,0,0,4057
13,2,6,3.758,2.044,2.044,256,32,32,5.802,N/A,N/A,0.167,590442.5312,83687,14086,69601,0.107,0.00436,1.17e-07,0.111,0.0242,0.0311,1.36e-07,0.0554,83774,85520,14413,16159,83687,590442.5312,0,0,0,71
13,3,6,3.675,2.132,2.132,128,64,16,5.807,N/A,N/A,0.0769,259827.9456,37579,5702,31877,0.0456,0.0023,4.86e-08,0.0479,0.0127,0.0163,6.93e-08,0.029,37702,38735,5918,6951,37579,259827.9456,0,0,0,34
13,4,6,3.913,1.881,1.881,1024,256,16,5.794,N/A,N/A,0.2,925162.303999,129626,23110,106516,0.164,0.00257,1.89e-07,0.167,0.0138,0.0194,1.69e-07,0.0332,129749,130787,23331,24369,129626,925162.303999,0,0,0,103
13,5,6,4.252,1.524,1.524,1024,2048,64,5.776,N/A,N/A,1.58,7926849.977599,1088387,206011,882376,1.41,0.0059,1.67e-06,1.42,0.0583,0.0984,1.22e-06,0.157,1088402,1091585,206569,209752,1088387,7926849.977599,0,0,0,1709
13,6,6,4.1,1.684,1.684,512,2048,128,5.784,N/A,N/A,2.64,13286744.291336,1824252,346015,1478237,2.37,0.0115,2.79e-06,2.39,0.0941,0.165,1.99e-06,0.259,1824123,1830166,347020,353063,1824252,13286744.291336,0,0,0,6280
13,7,6,4.024,1.764,1.764,256,512,64,5.788,N/A,N/A,0.558,2319550.883199,322203,58555,263648,0.424,0.0102,4.77e-07,0.435,0.0536,0.0694,4.29e-07,0.123,322218,325397,59109,62288,322203,2319550.883199,0,0,0,313
14,0,6,3.858,1.939,1.939,32,64,64,5.797000000000001,N/A,N/A,0.231,675052.4288,95165,15547,79618,0.123,0.00688,1.3e-07,0.13,0.0447,0.0556,1.84e-07,0.1,95180,98353,16095,19268,95165,675052.4288,0,0,0,81
14,1,6,3.791,2.009,2.009,2048,32,128,5.8,N/A,N/A,2.19,10954736.460912,1504956,284575,1220381,1.95,0.00845,2.3e-06,1.96,0.0843,0.143,1.67e-06,0.227,1504827,1510866,285576,291615,1504956,10954736.460912,0,0,0,5100
14,2,6,3.739,2.065,2.065,128,64,32,5.804,N/A,N/A,0.139,471866.3072,65772,11014,54758,0.0839,0.00358,9.2e-08,0.0875,0.0225,0.0293,1.09e-07,0.0518,65859,67605,11341,13087,65772,471866.3072,0,0,0,58
14,3,6,4.169,1.611,1.611,1024,1024,64,5.779999999999999,N/A,N/A,1.11,5434983.830402,748394,140475,607919,0.969,0.00598,1.14e-06,0.975,0.0545,0.0841,8.71e-07,0.139,748409,751591,141032,144214,748394,5434983.830402,0,0,0,846
14,4,6,4.003,1.786,1.786,256,512,16,5.789,N/A,N/A,0.144,613562.2048,87175,14918,72257,0.11,0.00295,1.23e-07,0.113,0.0133,0.0175,1.22e-07,0.0308,87298,88335,15138,16175,87175,613562.2048,0,0,0,77
14,5,6,4.197,1.582,1.582,1536,2048,64,5.779,N/A,N/A,1.8,9158020.767994,1256969,238779,1018190,1.64,0.00575,1.93e-06,1.64,0.0593,0.105,1.39e-06,0.164,1256984,1260168,239338,242522,1256969,9158020.767994,0,0,0,2404
14,6,6,3.566,2.246,2.246,64,64,64,5.811999999999999,N/A,N/A,0.245,754899.008,105207,17595,87612,0.137,0.00691,1.47e-07,0.144,0.045,0.0559,1.96e-07,0.101,105222,108396,18144,21318,105207,754899.008,0,0,0,92
14,7,6,3.666,2.142,2.142,256,64,16,5.808,N/A,N/A,0.0924,339946.0352,49164,7750,41414,0.0605,0.00265,6.51e-08,0.0632,0.0129,0.0164,8.49e-08,0.0292,49287,50321,7967,9001,49164,339946.0352,0,0,0,47
15,0,6,3.76,2.042,2.042,32,64,128,5.802,N/A,N/A,0.391,1305831.1456,183781,30623,153158,0.23,0.00854,2.54e-07,0.238,0.0667,0.0857,3.05e-07,0.152,183652,189686,31619,37653,183781,1305831.1456,0,0,0,124
15,1,6,4.117,1.667,1.667,64,2048,128,5.784,N/A,N/A,2.22,11110004.124908,1524393,288671,1235722,1.98,0.00729,2.33e-06,1.99,0.0859,0.151,1.68e-06,0.237,1524264,1530304,289673,295713,1524393,11110004.124908,0,0,0,4321
15,2,6,3.992,1.797,1.797,512,256,32,5.789,N/A,N/A,0.279,1175827.711999,164373,29446,134927,0.213,0.00519,2.41e-07,0.219,0.0259,0.0349,2.15e-07,0.0608,164460,166210,29777,31527,164373,1175827.711999,0,0,0,138
15,3,6,4.138,1.644,1.644,256,256,64,5.782,N/A,N/A,0.453,1707586.460799,238793,42171,196622,0.317,0.0113,3.46e-07,0.328,0.0561,0.0686,3.64e-07,0.125,238808,241986,42724,45902,238793,1707586.460799,0,0,0,217
15,4,6,3.782,2.018,2.018,128,1536,16,5.8,N/A,N/A,0.242,1157059.711999,160826,29254,131572,0.205,0.00217,2.38e-07,0.207,0.0138,0.0213,1.95e-07,0.0351,160949,161987,29475,30513,160826,1157059.711999,0,0,0,139
15,5,6,3.914,1.88,1.88,512,128,64,5.7940000000000005,N/A,N/A,0.494,2003111.142399,276150,50363,225787,0.365,0.00908,4.11e-07,0.374,0.052,0.0677,3.67e-07,0.12,276165,279343,50916,54094,276150,2003111.142399,0,0,0,264
16,0,6,3.941,1.852,1.852,512,1536,32,5.793,N/A,N/A,0.563,2718379.6416,374688,70406,304282,0.488,0.00398,5.7e-07,0.492,0.0273,0.0442,4.24e-07,0.0714,374775,376528,70740,72493,374688,2718379.6416,0,0,0,365
16,1,6,4.138,1.644,1.644,512,256,64,5.782,N/A,N/A,0.563,2320727.011199,322283,58555,263728,0.426,0.0109,4.77e-07,0.437,0.0549,0.0705,4.29e-07,0.125,322298,325477,59109,62288,322283,2320727.011199,0,0,0,298
16,2,6,4.156,1.625,1.625,64,1024,64,5.781,N/A,N/A,0.682,3094003.644801,426462,79035,347427,0.553,0.00633,6.41e-07,0.559,0.0506,0.0722,5.33e-07,0.123,426477,429655,79588,82766,426462,3094003.644801,0,0,0,417
16,3,6,4.087,1.698,1.698,128,1536,32,5.785,N/A,N/A,0.473,2257935.539201,310128,58118,252010,0.403,0.00339,4.71e-07,0.406,0.0259,0.0414,3.61e-07,0.0672,310215,311966,58450,60201,310128,2257935.539201,0,0,0,310
16,4,6,4.167,1.614,1.614,32,2048,64,5.781,N/A,N/A,1.13,5501070.963194,756569,142523,614046,0.984,0.00625,1.15e-06,0.99,0.054,0.0869,8.63e-07,0.141,756584,759762,143076,146254,756569,5501070.963194,0,0,0,1261
16,5,6,3.834,1.964,1.964,2048,32,64,5.798,N/A,N/A,1.13,5502594.924794,756627,142523,614104,0.984,0.0064,1.15e-06,0.991,0.0535,0.0839,8.65e-07,0.137,756642,759820,143076,146254,756627,5502594.924794,0,0,0,1315
17,0,6,4.117,1.666,1.666,128,1536,128,5.7829999999999995,N/A,N/A,1.83,8922929.046412,1222688,231327,991361,1.59,0.0095,1.87e-06,1.6,0.085,0.139,1.39e-06,0.224,1222559,1228600,232330,238371,1222688,8922929.046412,0,0,0,3863
17,1,6,4.196,1.584,1.584,1536,128,128,5.779999999999999,N/A,N/A,1.82,8926620.086412,1223298,231327,991971,1.6,0.00949,1.87e-06,1.6,0.0827,0.132,1.39e-06,0.215,1223169,1229210,232330,238371,1223298,8926620.086412,0,0,0,3765
17,2,6,4.024,1.764,1.764,1024,512,64,5.788,N/A,N/A,0.888,4182217.328,577140,107707,469433,0.751,0.00761,8.73e-07,0.759,0.0527,0.0767,6.83e-07,0.129,577155,580336,108263,111444,577140,4182217.328,0,0,0,593
17,3,6,4.104,1.68,1.68,2048,1536,16,5.784,N/A,N/A,0.455,2328071.555199,321938,59974,261964,0.413,0.0018,4.85e-07,0.414,0.0144,0.0263,3.6e-07,0.0407,322061,323103,60199,61241,321938,2328071.555199,0,0,0,305
17,4,6,3.754,2.049,2.049,256,128,32,5.803,N/A,N/A,0.192,709930.88,98960,17158,81802,0.129,0.00473,1.42e-07,0.134,0.0257,0.033,1.53e-07,0.0588,99047,100795,17487,19235,98960,709930.88,0,0,0,90
18,0,6,3.956,1.836,1.836,512,1024,64,5.792,N/A,N/A,0.894,4181564.201601,576317,107707,468610,0.752,0.008,8.72e-07,0.76,0.0551,0.0796,6.84e-07,0.135,576332,579513,108263,111444,576317,4181564.201601,0,0,0,537
18,1,6,3.803,1.997,1.997,32,256,128,5.8,N/A,N/A,0.599,2253775.299199,316956,55199,261757,0.411,0.0134,4.53e-07,0.425,0.0773,0.0972,4.77e-07,0.174,316827,322863,56197,62233,316956,2253775.299199,0,0,0,273
18,2,6,3.866,1.93,1.93,1024,64,16,5.796,N/A,N/A,0.174,805139.692799,112834,20038,92796,0.142,0.00197,1.64e-07,0.144,0.0125,0.018,1.46e-07,0.0305,112957,113993,20257,21293,112834,805139.692799,0,0,0,88
19,0,6,3.758,2.044,2.044,1024,32,32,5.802,N/A,N/A,0.333,1519752.563199,210399,38662,171737,0.27,0.00318,3.14e-07,0.273,0.0239,0.0351,2.61e-07,0.059,210486,212234,38991,40739,210399,1519752.563199,0,0,0,178
19,1,6,3.924,1.869,1.869,1024,32,64,5.793,N/A,N/A,0.665,3013797.971201,416662,76987,339675,0.539,0.00635,6.25e-07,0.546,0.0496,0.0695,5.2e-07,0.119,416677,419854,77539,80716,416662,3013797.971201,0,0,0,395
19,2,6,4.196,1.584,1.584,512,128,128,5.779999999999999,N/A,N/A,0.923,3965305.5424,545341,100255,445086,0.716,0.0138,8.16e-07,0.73,0.0824,0.111,6.83e-07,0.193,545212,551251,101256,107295,545341,3965305.5424,0,0,0,548
2,0,6,4.077,1.709,1.709,1536,2048,16,5.786,N/A,N/A,0.455,2327953.942399,321842,59974,261868,0.413,0.00182,4.85e-07,0.414,0.0144,0.0262,3.6e-07,0.0406,321965,323007,60199,61241,321842,2327953.942399,0,0,0,292
2,1,6,4.116,1.668,1.668,128,2048,128,5.784,N/A,N/A,2.3,11432633.552106,1566335,296863,1269472,2.04,0.00957,2.4e-06,2.05,0.0923,0.158,1.73e-06,0.251,1566206,1572247,297866,303907,1566335,11432633.552106,0,0,0,6048
2,2,6,3.926,1.868,1.868,128,512,128,5.7940000000000005,N/A,N/A,0.934,3963647.7024,545753,100255,445498,0.72,0.0151,8.16e-07,0.735,0.0853,0.115,6.79e-07,0.2,545624,551663,101256,107295,545753,3963647.7024,0,0,0,589
2,3,6,3.685,2.121,2.121,128,64,64,5.806,N/A,N/A,0.28,915156.4576,125645,21691,103954,0.167,0.0076,1.8e-07,0.174,0.0469,0.0586,2.18e-07,0.106,125660,128835,22241,25416,125645,915156.4576,0,0,0,112
2,4,6,4.078,1.708,1.708,1536,256,128,5.7860000000000005,N/A,N/A,1.96,9561276.272009,1315582,247711,1067871,1.72,0.0125,2.01e-06,1.73,0.0894,0.139,1.52e-06,0.229,1315453,1321495,248715,254757,1315582,9561276.272009,0,0,0,3932
2,5,6,3.992,1.797,1.797,2048,256,32,5.789,N/A,N/A,0.622,3038953.347201,418714,78598,340116,0.545,0.00433,6.36e-07,0.549,0.0282,0.0453,4.72e-07,0.0734,418801,420553,78931,80683,418714,3038953.347201,0,0,0,467
2,6,6,3.974,1.817,1.817,512,2048,16,5.791,N/A,N/A,0.344,1705931.123199,236824,43590,193234,0.303,0.00234,3.53e-07,0.305,0.0147,0.0242,2.71e-07,0.0389,236947,237987,43813,44853,236824,1705931.123199,0,0,0,225
2,7,6,4.169,1.611,1.611,2048,1024,64,5.779999999999999,N/A,N/A,1.57,7924396.374393,1088728,206011,882717,1.41,0.00613,1.67e-06,1.42,0.0581,0.0984,1.22e-06,0.157,1088743,1091926,206569,209752,1088728,7924396.374393,0,0,0,1596
2,8,6,3.859,1.938,1.938,1536,32,16,5.797,N/A,N/A,0.229,1096467.849599,152952,27718,125234,0.195,0.00217,2.26e-07,0.197,0.0128,0.0193,1.88e-07,0.0321,153075,154111,27937,28973,152952,1096467.849599,0,0,0,142
2,9,6,4.036,1.751,1.751,1536,1024,128,5.786999999999999,N/A,N/A,2.61,13285705.795195,1824058,346015,1478043,2.36,0.00729,2.79e-06,2.37,0.0896,0.158,2.02e-06,0.248,1823929,1829973,347021,353065,1824058,13285705.795195,0,0,0,4002
20,0,6,3.965,1.827,1.827,2048,64,16,5.792,N/A,N/A,0.29,1431147.583999,198679,36422,162257,0.253,0.00191,2.96e-07,0.255,0.0133,0.0215,2.33e-07,0.0347,198802,199839,36642,37679,198679,1431147.583999,0,0,0,174
20,1,6,4.16,1.621,1.621,64,128,16,5.781000000000001,N/A,N/A,0.0757,259854.2208,37486,5702,31784,0.0457,0.00236,4.85e-08,0.0481,0.0121,0.0155,6.9e-08,0.0276,37609,38642,5918,6951,37486,259854.2208,0,0,0,32
20,2,6,3.816,1.983,1.983,2048,1024,32,5.7989999999999995,N/A,N/A,0.788,3970326.608001,545656,103174,442482,0.708,0.00292,8.34e-07,0.711,0.0278,0.049,6.04e-07,0.0768,545743,547497,103509,105263,545656,3970326.608001,0,0,0,546
20,3,6,4.024,1.764,1.764,2048,512,64,5.788,N/A,N/A,1.35,6675437.273596,917530,173243,744287,1.2,0.00767,1.4e-06,1.2,0.0576,0.092,1.03e-06,0.15,917545,920727,173800,176982,917530,6675437.273596,0,0,0,1443
20,4,6,4.233,1.544,1.544,2048,1536,64,5.776999999999999,N/A,N/A,1.8,9158073.318392,1256916,238779,1018137,1.64,0.00597,1.93e-06,1.64,0.0594,0.105,1.39e-06,0.165,1256931,1260115,239338,242522,1256916,9158073.318392,0,0,0,1841
20,5,6,3.754,2.049,2.049,128,128,32,5.803,N/A,N/A,0.158,552618.7552,76167,13062,63105,0.0991,0.00403,1.09e-07,0.103,0.0238,0.0309,1.22e-07,0.0547,76254,78001,13390,15137,76167,552618.7552,0,0,0,70
21,0,6,3.992,1.797,1.797,1024,256,32,5.789,N/A,N/A,0.392,1797771.705599,248856,45830,203026,0.322,0.0043,3.72e-07,0.327,0.0271,0.0389,3.09e-07,0.066,248943,250694,46162,47913,248856,1797771.705599,0,0,0,205
21,1,6,3.706,2.099,2.099,128,32,128,5.805,N/A,N/A,0.466,1623721.027199,224505,38815,185690,0.29,0.0102,3.21e-07,0.3,0.0724,0.0928,3.51e-07,0.165,224376,230411,39812,45847,224505,1623721.027199,0,0,0,166
21,2,6,3.913,1.881,1.881,256,256,16,5.794,N/A,N/A,0.118,457766.5344,65784,10822,54962,0.083,0.00322,9e-08,0.0862,0.0141,0.0176,1.04e-07,0.0317,65907,66943,11041,12077,65784,457766.5344,0,0,0,56
22,0,6,3.787,2.013,2.013,32,256,64,5.8,N/A,N/A,0.333,1150747.407999,161779,27835,133944,0.213,0.00895,2.3e-07,0.222,0.0499,0.0615,2.68e-07,0.111,161794,164969,28385,31560,161779,1150747.407999,0,0,0,136
22,1,6,4.196,1.584,1.584,64,128,128,5.779999999999999,N/A,N/A,0.493,1788835.635199,245491,42911,202580,0.316,0.00931,3.54e-07,0.325,0.0735,0.095,3.8e-07,0.169,245362,251398,43909,49945,245491,1788835.635199,0,0,0,184
23,0,6,3.998,1.791,1.791,32,1024,128,5.789,N/A,N/A,1.27,5972071.439997,823466,153503,669963,1.06,0.00802,1.24e-06,1.07,0.0788,0.118,9.77e-07,0.197,823337,829375,154503,160541,823466,5972071.439997,0,0,0,1053
23,1,6,3.976,1.815,1.815,2048,128,32,5.791,N/A,N/A,0.587,2881954.022401,395707,74502,321205,0.515,0.00352,6.03e-07,0.518,0.0262,0.0432,4.43e-07,0.0694,395794,397545,74834,76585,395707,2881954.022401,0,0,0,421
23,2,6,3.88,1.915,1.915,32,1536,16,5.795,N/A,N/A,0.232,1096386.521599,152955,27718,125237,0.194,0.00216,2.26e-07,0.197,0.0141,0.0216,1.88e-07,0.0357,153078,154114,27937,28973,152955,1096386.521599,0,0,0,138
24,0,6,3.994,1.796,1.796,256,512,128,5.79,N/A,N/A,1.05,4595438.640002,638462,116639,521823,0.833,0.0155,9.48e-07,0.849,0.0862,0.116,8.03e-07,0.202,638333,644373,117641,123681,638462,4595438.640002,0,0,0,697
24,1,6,3.752,2.05,2.05,1024,32,128,5.802,N/A,N/A,1.26,5971061.721597,823297,153503,669794,1.06,0.00863,1.24e-06,1.07,0.0761,0.113,9.74e-07,0.189,823168,829206,154503,160541,823297,5971061.721597,0,0,0,1154
24,2,6,4.095,1.69,1.69,256,2048,32,5.785,N/A,N/A,0.625,3041723.504001,418854,78598,340256,0.544,0.0041,6.36e-07,0.548,0.0293,0.0475,4.8e-07,0.0769,418941,420693,78931,80683,418854,3041723.504001,0,0,0,466
24,3,6,3.748,2.055,2.055,512,32,128,5.803000000000001,N/A,N/A,0.823,3482812.7936,483779,87967,395812,0.63,0.0124,7.17e-07,0.642,0.077,0.104,6.07e-07,0.181,483650,489687,88966,95003,483779,3482812.7936,0,0,0,501
25,0,6,3.762,2.04,2.04,32,128,32,5.802,N/A,N/A,0.133,431530.1216,60617,9990,50627,0.0774,0.00375,8.37e-08,0.0812,0.0225,0.0293,1.04e-07,0.0518,60704,62449,10316,12061,60617,431530.1216,0,0,0,51
25,1,6,3.999,1.79,1.79,128,1024,128,5.789,N/A,N/A,1.37,6466388.028796,887379,165791,721588,1.15,0.00936,1.34e-06,1.16,0.0856,0.127,1.06e-06,0.212,887250,893290,166793,172833,887379,6466388.028796,0,0,0,1230
25,2,6,4.328,1.444,1.444,1024,2048,128,5.772,N/A,N/A,3.07,15776300.723331,2164454,411551,1752903,2.8,0.00795,3.31e-06,2.81,0.0914,0.169,2.35e-06,0.261,2164325,2170369,412557,418601,2164454,15776300.723331,0,0,0,5465
26,0,6,3.672,2.135,2.135,2048,32,16,5.807,N/A,N/A,0.287,1411133.388799,196092,35910,160182,0.25,0.00216,2.91e-07,0.252,0.0134,0.0214,2.3e-07,0.0349,196215,197251,36129,37165,196092,1411133.388799,0,0,0,172
26,1,6,4.138,1.644,1.644,1536,256,64,5.782,N/A,N/A,1.01,4806996.540794,662217,124091,538126,0.865,0.00854,1.01e-06,0.874,0.0571,0.0831,7.9e-07,0.14,662232,665413,124647,127828,662217,4806996.540794,0,0,0,922
26,2,6,4.036,1.751,1.751,512,1024,128,5.786999999999999,N/A,N/A,1.72,8334184.393599,1147947,214943,933004,1.49,0.0116,1.74e-06,1.5,0.0853,0.131,1.32e-06,0.216,1147818,1153860,215947,221989,1147947,8334184.393599,0,0,0,1578
27,0,6,3.961,1.83,1.83,128,512,32,5.791,N/A,N/A,0.249,1014902.121599,140666,25350,115316,0.184,0.0048,2.08e-07,0.189,0.0254,0.0344,1.84e-07,0.0598,140753,142502,25680,27429,140666,1014902.121599,0,0,0,120
27,1,6,3.909,1.885,1.885,32,512,64,5.794,N/A,N/A,0.448,1762268.905599,245258,44219,201039,0.323,0.00884,3.61e-07,0.332,0.0503,0.0653,3.33e-07,0.116,245273,248449,44770,47946,245258,1762268.905599,0,0,0,232
27,2,6,3.963,1.829,1.829,1536,128,64,5.792,N/A,N/A,0.944,4488982.790396,616039,115899,500140,0.805,0.00687,9.39e-07,0.811,0.0535,0.0794,7.26e-07,0.133,616054,619234,116454,119634,616039,4488982.790396,0,0,0,736
27,3,6,3.771,2.03,2.03,512,32,64,5.801,N/A,N/A,0.442,1763054.659199,245261,44219,201042,0.322,0.0084,3.61e-07,0.33,0.0484,0.0628,3.32e-07,0.111,245276,248452,44770,47946,245261,1763054.659199,0,0,0,226
28,0,6,3.866,1.93,1.93,64,256,16,5.796,N/A,N/A,0.0929,338962.592,49157,7750,41407,0.0607,0.00271,6.51e-08,0.0634,0.013,0.0165,8.41e-08,0.0295,49280,50314,7967,9001,49157,338962.592,0,0,0,42
28,1,6,4.217,1.561,1.561,1024,1536,64,5.778,N/A,N/A,1.34,6670754.031996,916639,173243,743396,1.19,0.00585,1.4e-06,1.2,0.0558,0.0908,1.05e-06,0.147,916654,919837,173801,176984,916639,6670754.031996,0,0,0,1341
28,2,6,4.038,1.749,1.749,1536,32,128,5.787000000000001,N/A,N/A,1.72,8444626.56639,1161790,219039,942751,1.51,0.0082,1.77e-06,1.52,0.0789,0.128,1.31e-06,0.206,1161661,1167700,220040,226079,1161790,8444626.56639,0,0,0,2931
28,3,6,3.998,1.791,1.791,128,1536,64,5.789,N/A,N/A,0.947,4486746.895996,616023,115899,500124,0.804,0.00682,9.39e-07,0.811,0.054,0.0825,7.21e-07,0.136,616038,619218,116454,119634,616023,4486746.895996,0,0,0,1040
28,4,6,3.739,2.065,2.065,256,64,32,5.804,N/A,N/A,0.175,630567.264,88849,15110,73739,0.114,0.00431,1.25e-07,0.118,0.0246,0.0319,1.41e-07,0.0564,88936,90683,15438,17185,88849,630567.264,0,0,0,79
29,0,6,3.666,2.142,2.142,64,64,16,5.808,N/A,N/A,0.064,218965.0048,32239,4678,27561,0.0371,0.00195,4.01e-08,0.039,0.0109,0.014,6.36e-08,0.025,32362,33394,4893,5925,32239,218965.0048,0,0,0,28
29,1,6,4.158,1.623,1.623,64,2048,32,5.781000000000001,N/A,N/A,0.571,2801644.499201,385374,72454,312920,0.499,0.00291,5.86e-07,0.502,0.0257,0.044,4.3e-07,0.0696,385461,387211,72785,74535,385374,2801644.499201,0,0,0,381
29,2,6,4.179,1.601,1.601,1536,128,16,5.78,N/A,N/A,0.24,1156571.743999,160801,29254,131547,0.205,0.00219,2.38e-07,0.207,0.013,0.0198,1.96e-07,0.0329,160924,161962,29475,30513,160801,1156571.743999,0,0,0,139
3,0,6,3.959,1.833,1.833,32,512,32,5.792,N/A,N/A,0.223,894039.955199,125208,22278,102930,0.162,0.00423,1.83e-07,0.166,0.0237,0.0324,1.66e-07,0.0561,125295,127042,22606,24353,125208,894039.955199,0,0,0,107
3,1,6,3.817,1.982,1.982,32,1024,32,5.799,N/A,N/A,0.334,1520386.921599,210604,38662,171942,0.27,0.00304,3.14e-07,0.273,0.0245,0.0363,2.61e-07,0.0608,210691,212439,38991,40739,210604,1520386.921599,0,0,0,176
3,2,6,3.988,1.802,1.802,512,2048,64,5.79,N/A,N/A,1.36,6676021.583995,917331,173243,744088,1.2,0.00789,1.4e-06,1.2,0.0592,0.096,1.03e-06,0.155,917346,920528,173800,176982,917331,6676021.583995,0,0,0,1385
3,3,6,3.983,1.807,1.807,128,1024,32,5.79,N/A,N/A,0.361,1641979.788799,226110,41734,184376,0.292,0.00345,3.39e-07,0.296,0.0266,0.0384,2.82e-07,0.065,226197,227947,42065,43815,226110,1641979.788799,0,0,0,199
3,4,6,4.04,1.747,1.747,128,256,32,5.787,N/A,N/A,0.194,710968.1248,99138,17158,81980,0.13,0.00518,1.42e-07,0.135,0.0257,0.033,1.46e-07,0.0587,99225,100973,17487,19235,99138,710968.1248,0,0,0,93
3,5,6,4.031,1.757,1.757,1024,512,128,5.787999999999999,N/A,N/A,1.71,8308384.649594,1144026,214943,929083,1.49,0.0112,1.74e-06,1.5,0.0825,0.127,1.31e-06,0.21,1143897,1149939,215947,221989,1144026,8308384.649594,0,0,0,1754
3,6,6,3.656,2.152,2.152,32,128,16,5.808,N/A,N/A,0.0729,239716.1568,34955,5190,29765,0.0428,0.00252,4.44e-08,0.0453,0.0122,0.0154,6.62e-08,0.0276,35078,36110,5405,6437,34955,239716.1568,0,0,0,33
3,7,6,4.164,1.617,1.617,128,256,64,5.781,N/A,N/A,0.383,1388565.494399,192279,33979,158300,0.256,0.00979,2.8e-07,0.266,0.0521,0.0645,3.04e-07,0.117,192294,195471,34531,37708,192279,1388565.494399,0,0,0,182
3,8,6,3.914,1.88,1.88,2048,128,64,5.7940000000000005,N/A,N/A,1.18,5743402.127997,787438,148667,638771,1.03,0.00713,1.2e-06,1.03,0.0563,0.0876,9.02e-07,0.144,787453,790633,149222,152402,787438,5743402.127997,0,0,0,1350
30,0,6,3.886,1.91,1.91,32,256,32,5.796,N/A,N/A,0.17,589703.072,83722,14086,69636,0.108,0.005,1.17e-07,0.113,0.0247,0.0322,1.28e-07,0.0569,83809,85555,14413,16159,83722,589703.072,0,0,0,74
30,1,6,3.976,1.815,1.815,2048,32,32,5.791,N/A,N/A,0.562,2760809.084801,380250,71430,308820,0.493,0.00318,5.78e-07,0.496,0.0249,0.0414,4.24e-07,0.0663,380337,382086,71760,73509,380250,2760809.084801,0,0,0,393
30,2,6,4.138,1.644,1.644,2048,256,64,5.782,N/A,N/A,1.25,6061258.227196,833772,156859,676913,1.09,0.0088,1.27e-06,1.1,0.0598,0.0912,9.62e-07,0.151,833787,836968,157415,160596,833772,6061258.227196,0,0,0,1097
31,0,6,3.927,1.866,1.866,64,1024,32,5.793,N/A,N/A,0.341,1560233.887999,215654,39686,175968,0.277,0.00292,3.22e-07,0.279,0.0245,0.0365,2.66e-07,0.0611,215741,217490,40016,41765,215654,1560233.887999,0,0,0,181
31,1,6,3.882,1.914,1.914,1536,1024,16,5.796,N/A,N/A,0.34,1703799.078399,236408,43590,192818,0.301,0.00184,3.53e-07,0.303,0.0137,0.0228,2.76e-07,0.0365,236531,237572,43814,44855,236408,1703799.078399,0,0,0,199
31,2,6,4.207,1.571,1.571,32,1536,64,5.778,N/A,N/A,0.896,4246365.100797,584767,109755,475012,0.761,0.0062,8.89e-07,0.767,0.0508,0.0779,6.89e-07,0.129,584782,587960,110308,113486,584767,4246365.100797,0,0,0,729
32,0,6,3.616,2.193,2.193,32,32,128,5.809,N/A,N/A,0.36,1142197.9584,163127,26527,136600,0.204,0.00896,2.21e-07,0.213,0.0649,0.0824,2.8e-07,0.147,162998,169031,27522,33555,163127,1142197.9584,0,0,0,113
32,1,6,3.833,1.965,1.965,256,64,64,5.798,N/A,N/A,0.351,1233593.113599,171972,29883,142089,0.227,0.00908,2.46e-07,0.236,0.0513,0.0633,2.83e-07,0.115,171987,175163,30434,33610,171972,1233593.113599,0,0,0,146
32,2,6,3.906,1.889,1.889,2048,256,128,5.795,N/A,N/A,2.42,12064836.134507,1658064,313247,1344817,2.16,0.0128,2.53e-06,2.17,0.0946,0.154,1.87e-06,0.248,1657935,1663977,314251,320293,1658064,12064836.134507,0,0,0,4418
32,3,6,3.798,2.002,2.002,1536,32,32,5.8,N/A,N/A,0.446,2136999.552001,294915,55046,239869,0.381,0.00303,4.46e-07,0.384,0.0239,0.0378,3.43e-07,0.0617,295002,296751,55376,57125,294915,2136999.552001,0,0,0,286
32,4,6,4.179,1.601,1.601,256,128,16,5.78,N/A,N/A,0.103,379383.8592,54225,8774,45451,0.0681,0.00283,7.35e-08,0.0709,0.0141,0.0181,9.03e-08,0.0321,54348,55383,8992,10027,54225,379383.8592,0,0,0,47
33,0,6,4.319,1.454,1.454,2048,512,32,5.773,N/A,N/A,0.672,3344360.0064,460200,86790,373410,0.599,0.00378,7.02e-07,0.602,0.0258,0.044,5.05e-07,0.0699,460287,462040,87124,88877,460200,3344360.0064,0,0,0,452
33,1,6,3.89,1.905,1.905,64,512,64,5.795,N/A,N/A,0.468,1844989.491199,255510,46267,209243,0.34,0.00986,3.78e-07,0.35,0.0515,0.0672,3.42e-07,0.119,255525,258702,46819,49996,255510,1844989.491199,0,0,0,235
33,2,6,3.544,2.269,2.269,128,32,64,5.813000000000001,N/A,N/A,0.263,831673.8912,115360,19643,95717,0.153,0.00753,1.63e-07,0.16,0.0459,0.0569,2.06e-07,0.103,115375,118549,20192,23366,115360,831673.8912,0,0,0,91
33,3,6,4.055,1.732,1.732,64,32,32,5.787,N/A,N/A,0.114,351644.7552,50292,7942,42350,0.062,0.00317,6.71e-08,0.0651,0.021,0.0274,9.17e-08,0.0484,50379,52123,8267,10011,50292,351644.7552,0,0,0,40
34,0,6,4.003,1.786,1.786,2048,512,16,5.789,N/A,N/A,0.341,1705976.166399,236793,43590,193203,0.302,0.00225,3.53e-07,0.305,0.0138,0.023,2.71e-07,0.0368,236916,237956,43813,44853,236793,1705976.166399,0,0,0,203
34,1,6,4.034,1.754,1.754,1536,512,128,5.788,N/A,N/A,2.17,10797654.556801,1484916,280479,1204437,1.93,0.0106,2.26e-06,1.94,0.087,0.144,1.66e-06,0.231,1484787,1490830,281484,287527,1484916,10797654.556801,0,0,0,3247
34,2,6,3.918,1.876,1.876,64,1536,16,5.7940000000000005,N/A,N/A,0.232,1115796.387199,155569,28230,127339,0.197,0.00197,2.3e-07,0.199,0.0125,0.0197,1.89e-07,0.0322,155692,156729,28450,29487,155569,1115796.387199,0,0,0,133
34,3,6,3.818,1.981,1.981,1024,64,128,5.799,N/A,N/A,1.29,6131679.516797,843250,157599,685651,1.09,0.00793,1.28e-06,1.1,0.0752,0.113,1e-06,0.188,843121,849160,158600,164639,843250,6131679.516797,0,0,0,1241
35,0,6,3.983,1.807,1.807,1536,32,64,5.79,N/A,N/A,0.894,4251831.593597,585201,109755,475446,0.761,0.00617,8.89e-07,0.767,0.051,0.0756,6.99e-07,0.127,585216,588394,110308,113486,585201,4251831.593597,0,0,0,838
35,1,6,4.256,1.52,1.52,64,2048,64,5.776,N/A,N/A,1.15,5584008.006396,767206,144571,622635,0.997,0.00623,1.17e-06,1.0,0.0547,0.0883,8.78e-07,0.143,767221,770400,145125,148304,767206,5584008.006396,0,0,0,1213
35,2,6,3.954,1.838,1.838,256,1536,32,5.792,N/A,N/A,0.507,2415525.430401,333280,62214,271066,0.433,0.00406,5.04e-07,0.437,0.0275,0.043,3.91e-07,0.0705,333367,335119,62547,64299,333280,2415525.430401,0,0,0,338
36,0,6,4.147,1.635,1.635,256,1536,128,5.782,N/A,N/A,1.97,9557860.496002,1315306,247711,1067595,1.71,0.012,2.01e-06,1.73,0.0933,0.149,1.51e-06,0.242,1315177,1321219,248715,254757,1315306,9557860.496002,0,0,0,3105
36,1,6,4.217,1.561,1.561,1536,1536,64,5.778,N/A,N/A,1.57,7902816.927991,1085454,206011,879443,1.41,0.00567,1.67e-06,1.42,0.0563,0.097,1.21e-06,0.153,1085469,1088653,206570,209754,1085454,7902816.927991,0,0,0,1554
37,0,6,3.944,1.848,1.848,256,1024,128,5.792,N/A,N/A,1.51,7101340.748793,979700,182175,797525,1.27,0.0122,1.48e-06,1.28,0.0909,0.133,1.18e-06,0.224,979571,985612,183178,189219,979700,7101340.748793,0,0,0,1192
37,1,6,4.251,1.526,1.526,1024,2048,32,5.777,N/A,N/A,0.788,3970226.512,545635,103174,442461,0.708,0.00297,8.34e-07,0.711,0.028,0.0497,6e-07,0.0778,545722,547476,103509,105263,545635,3970226.512,0,0,0,549
37,2,6,3.675,2.132,2.132,128,32,16,5.807,N/A,N/A,0.0727,239742.432,34958,5190,29768,0.0427,0.0025,4.44e-08,0.0452,0.0121,0.0153,6.61e-08,0.0274,35081,36113,5405,6437,34958,239742.432,0,0,0,31
38,0,6,3.89,1.906,1.906,64,1024,16,5.796,N/A,N/A,0.175,803956.057599,112459,20038,92421,0.142,0.00197,1.64e-07,0.144,0.0127,0.0183,1.48e-07,0.0311,112582,113618,20257,21293,112459,803956.057599,0,0,0,86
38,1,6,3.976,1.815,1.815,2048,64,32,5.791,N/A,N/A,0.57,2800980.112001,385364,72454,312910,0.499,0.00312,5.86e-07,0.503,0.0252,0.042,4.3e-07,0.0672,385451,387201,72785,74535,385364,2800980.112001,0,0,0,379
39,0,6,3.924,1.869,1.869,2048,1024,16,5.793,N/A,N/A,0.398,2016905.622399,279220,51782,227438,0.357,0.00182,4.19e-07,0.359,0.0143,0.0248,3.17e-07,0.0391,279343,280384,52006,53047,279220,2016905.622399,0,0,0,237
39,1,6,4.031,1.757,1.757,512,512,128,5.787999999999999,N/A,N/A,1.27,5821084.131203,804387,149407,654980,1.05,0.015,1.21e-06,1.07,0.085,0.12,9.38e-07,0.205,804258,810299,150410,156451,804387,5821084.131203,0,0,0,877
39,2,6,4.031,1.757,1.757,2048,512,128,5.787999999999999,N/A,N/A,2.63,13287647.657707,1825116,346015,1479101,2.37,0.011,2.79e-06,2.38,0.0919,0.158,1.99e-06,0.25,1824987,1831030,347020,353063,1825116,13287647.657707,0,0,0,4728
39,3,6,3.739,2.065,2.065,32,64,32,5.804,N/A,N/A,0.113,351054.1888,50284,7942,42342,0.062,0.00317,6.7e-08,0.0651,0.0209,0.0273,9.12e-08,0.0482,50371,52115,8267,10011,50284,351054.1888,0,0,0,40
4,0,6,4.212,1.566,1.566,1024,512,32,5.778,N/A,N/A,0.445,2106442.745599,291188,54022,237166,0.376,0.00386,4.38e-07,0.38,0.0257,0.039,3.41e-07,0.0647,291275,293027,54355,56107,291188,2106442.745599,0,0,0,246
4,1,6,3.816,1.983,1.983,1536,1024,32,5.7989999999999995,N/A,N/A,0.671,3345966.5472,460317,86790,373527,0.596,0.00276,7.02e-07,0.599,0.0265,0.0453,5.18e-07,0.0718,460404,462158,87125,88879,460317,3345966.5472,0,0,0,437
4,2,6,4.187,1.593,1.593,2048,2048,64,5.78,N/A,N/A,2.04,10415996.015992,1428941,271547,1157394,1.86,0.00608,2.19e-06,1.87,0.0621,0.113,1.57e-06,0.175,1428956,1432140,272106,275290,1428941,10415996.015992,0,0,0,2189
4,3,6,3.408,2.412,2.412,64,32,64,5.82,N/A,N/A,0.23,675193.8144,95092,15547,79545,0.123,0.00676,1.3e-07,0.13,0.0446,0.0555,1.84e-07,0.1,95107,98280,16095,19268,95092,675193.8144,0,0,0,77
4,4,6,3.924,1.869,1.869,1024,128,64,5.793,N/A,N/A,0.716,3254218.5536,447519,83131,364388,0.583,0.00707,6.75e-07,0.59,0.0525,0.0735,5.56e-07,0.126,447534,450713,83685,86864,447519,3254218.5536,0,0,0,457
4,5,6,3.914,1.88,1.88,64,128,64,5.7940000000000005,N/A,N/A,0.282,914559.6352,125767,21691,104076,0.167,0.00748,1.8e-07,0.174,0.0478,0.0601,2.16e-07,0.108,125782,128957,22241,25416,125767,914559.6352,0,0,0,112
4,6,6,3.788,2.012,2.012,256,1024,64,5.8,N/A,N/A,0.788,3569923.840001,492626,91323,401303,0.643,0.00859,7.41e-07,0.651,0.0572,0.0794,6.21e-07,0.137,492641,495821,91878,95058,492626,3569923.840001,0,0,0,482
4,7,6,4.241,1.536,1.536,256,512,32,5.776999999999999,N/A,N/A,0.279,1175562.457599,164217,29446,134771,0.213,0.00487,2.41e-07,0.217,0.026,0.0353,2.16e-07,0.0612,164304,166054,29777,31527,164217,1175562.457599,0,0,0,140
4,8,6,3.393,2.428,2.428,32,32,64,5.821,N/A,N/A,0.213,593580.5408,84800,13499,71301,0.109,0.00672,1.14e-07,0.116,0.0434,0.0535,1.71e-07,0.0969,84815,87987,14046,17218,84800,593580.5408,0,0,0,65
4,9,6,3.748,2.055,2.055,256,128,64,5.803000000000001,N/A,N/A,0.385,1393355.087999,192714,33979,158735,0.256,0.00963,2.8e-07,0.266,0.0533,0.0657,3.08e-07,0.119,192729,195906,34531,37708,192714,1393355.087999,0,0,0,162
40,0,6,3.992,1.797,1.797,1536,256,32,5.789,N/A,N/A,0.506,2415143.814401,333379,62214,271165,0.433,0.00416,5.04e-07,0.437,0.0271,0.0416,3.91e-07,0.0687,333466,335218,62547,64299,333379,2415143.814401,0,0,0,316
41,0,6,4.169,1.611,1.611,1536,1024,64,5.779999999999999,N/A,N/A,1.34,6670846.620797,916943,173243,743700,1.19,0.00581,1.4e-06,1.2,0.0556,0.0901,1.05e-06,0.146,916958,920141,173801,176984,916943,6670846.620797,0,0,0,1147
41,1,6,4.029,1.759,1.759,2048,64,128,5.788,N/A,N/A,2.22,11120874.550512,1525495,288671,1236824,1.98,0.00778,2.33e-06,1.99,0.0853,0.144,1.71e-06,0.229,1525366,1531406,289673,295713,1525495,11120874.550512,0,0,0,4618
42,0,6,3.913,1.881,1.881,512,256,16,5.794,N/A,N/A,0.145,612232.1792,86978,14918,72060,0.11,0.00304,1.23e-07,0.113,0.0136,0.0178,1.21e-07,0.0314,87101,88138,15138,16175,86978,612232.1792,0,0,0,73
42,1,6,3.92,1.874,1.874,256,256,32,5.7940000000000005,N/A,N/A,0.228,867314.3232,122036,21254,100782,0.159,0.0055,1.75e-07,0.164,0.0279,0.0358,1.83e-07,0.0637,122123,123872,21584,23333,122036,867314.3232,0,0,0,103
42,2,6,3.836,1.962,1.962,32,128,128,5.798,N/A,N/A,0.466,1623888.687999,224654,38815,185839,0.291,0.0104,3.21e-07,0.301,0.0723,0.0924,3.54e-07,0.165,224525,230560,39812,45847,224654,1623888.687999,0,0,0,173
43,0,6,3.924,1.869,1.869,1024,64,64,5.793,N/A,N/A,0.681,3095283.622401,426831,79035,347796,0.553,0.00646,6.41e-07,0.56,0.0504,0.0707,5.34e-07,0.121,426846,430024,79588,82766,426831,3095283.622401,0,0,0,399
43,1,6,3.735,2.069,2.069,256,2048,16,5.804,N/A,N/A,0.317,1550325.635199,215434,39494,175940,0.275,0.00251,3.2e-07,0.278,0.0151,0.024,2.54e-07,0.039,215557,216596,39716,40755,215434,1550325.635199,0,0,0,192
44,0,6,4.152,1.629,1.629,1024,2048,16,5.781000000000001,N/A,N/A,0.398,2015112.652799,279128,51782,227346,0.357,0.00186,4.19e-07,0.359,0.0142,0.0248,3.15e-07,0.039,279251,280292,52006,53047,279128,2015112.652799,0,0,0,241
44,1,6,3.906,1.889,1.889,128,256,128,5.795,N/A,N/A,0.7,2733721.855999,377797,67487,310310,0.497,0.0147,5.53e-07,0.512,0.0832,0.105,5.54e-07,0.188,377668,383706,68487,74525,377797,2733721.855999,0,0,0,337
44,2,6,3.951,1.841,1.841,64,1536,32,5.792,N/A,N/A,0.454,2176633.814401,299815,56070,243745,0.388,0.00292,4.54e-07,0.391,0.0243,0.0394,3.48e-07,0.0637,299902,301652,56401,58151,299815,2176633.814401,0,0,0,294
45,0,6,3.909,1.885,1.885,1024,512,16,5.794,N/A,N/A,0.227,1078095.228799,150632,27206,123426,0.191,0.0023,2.21e-07,0.194,0.0133,0.0198,1.84e-07,0.0331,150755,151794,27428,28467,150632,1078095.228799,0,0,0,115
46,0,6,3.668,2.139,2.139,256,32,128,5.807,N/A,N/A,0.602,2253112.163199,317009,55199,261810,0.411,0.0135,4.53e-07,0.425,0.0784,0.0988,4.7e-07,0.177,316880,322916,56197,62233,317009,2253112.163199,0,0,0,263
47,0,6,4.024,1.764,1.764,1536,512,64,5.788,N/A,N/A,1.12,5415996.870395,745641,140475,605166,0.973,0.00739,1.14e-06,0.98,0.0544,0.0838,8.52e-07,0.138,745656,748838,141032,144214,745641,5415996.870395,0,0,0,878
48,0,6,3.822,1.977,1.977,256,32,64,5.799,N/A,N/A,0.335,1151702.073599,161814,27835,133979,0.213,0.00898,2.3e-07,0.222,0.0505,0.0622,2.7e-07,0.113,161829,165004,28385,31560,161814,1151702.073599,0,0,0,137
48,1,6,4.196,1.584,1.584,256,128,128,5.779999999999999,N/A,N/A,0.696,2736066.604799,378434,67487,310947,0.496,0.0143,5.53e-07,0.511,0.0819,0.103,5.51e-07,0.185,378305,384343,68487,74525,378434,2736066.604799,0,0,0,324
49,0,6,4.076,1.71,1.71,256,2048,128,5.786,N/A,N/A,2.43,12060110.352111,1658224,313247,1344977,2.16,0.0121,2.53e-06,2.17,0.0963,0.163,1.84e-06,0.26,1658095,1664137,314251,320293,1658224,12060110.352111,0,0,0,4490
49,1,6,4.178,1.602,1.602,32,2048,32,5.78,N/A,N/A,0.565,2761509.756801,380344,71430,308914,0.492,0.00304,5.78e-07,0.495,0.0257,0.0436,4.25e-07,0.0693,380431,382180,71760,73509,380344,2761509.756801,0,0,0,397
5,0,6,3.511,2.304,2.304,64,64,32,5.8149999999999995,N/A,N/A,0.122,392596.5312,55494,8966,46528,0.0686,0.00312,7.53e-08,0.0717,0.0217,0.0286,9.75e-08,0.0503,55581,57326,9292,11037,55494,392596.5312,0,0,0,46
5,1,6,4.015,1.774,1.774,256,1536,64,5.789,N/A,N/A,1.02,4806908.956794,661975,124091,537884,0.865,0.00841,1e-06,0.873,0.0579,0.0864,7.88e-07,0.144,661990,665171,124647,127828,661975,4806908.956794,0,0,0,978
5,2,6,3.988,1.802,1.802,512,1536,64,5.79,N/A,N/A,1.13,5419311.299196,745543,140475,605068,0.973,0.00781,1.14e-06,0.981,0.0566,0.088,8.55e-07,0.145,745558,748740,141032,144214,745543,5419311.299196,0,0,0,1084
5,3,6,3.937,1.856,1.856,512,1536,16,5.793,N/A,N/A,0.285,1390877.711999,193578,35398,158180,0.247,0.00233,2.87e-07,0.249,0.0137,0.0219,2.27e-07,0.0357,193701,194741,35621,36661,193578,1390877.711999,0,0,0,177
5,4,6,3.818,1.981,1.981,64,64,128,5.799,N/A,N/A,0.43,1469156.5376,204665,34719,169946,0.258,0.00876,2.87e-07,0.267,0.0716,0.0914,3.28e-07,0.163,204536,210571,35716,41751,204665,1469156.5376,0,0,0,156
5,5,6,3.708,2.097,2.097,1536,64,16,5.805,N/A,N/A,0.232,1116092.921599,155537,28230,127307,0.198,0.00201,2.3e-07,0.2,0.0126,0.0194,1.89e-07,0.032,155660,156697,28450,29487,155537,1116092.921599,0,0,0,149
5,6,6,3.335,2.489,2.489,32,32,16,5.824,N/A,N/A,0.0601,178449.8976,27107,3654,23453,0.0322,0.00246,3.2e-08,0.0347,0.0113,0.0141,5.61e-08,0.0254,27230,28260,3867,4897,27107,178449.8976,0,0,0,27
5,7,6,3.66,2.147,2.147,1024,32,16,5.807,N/A,N/A,0.171,786855.907199,110690,19526,91164,0.139,0.0022,1.6e-07,0.141,0.0125,0.0177,1.44e-07,0.0302,110813,111848,19744,20779,110690,786855.907199,0,0,0,92
50,0,6,3.771,2.03,2.03,512,64,64,5.801,N/A,N/A,0.461,1843337.907199,255440,46267,209173,0.338,0.00931,3.78e-07,0.348,0.0495,0.0639,3.4e-07,0.113,255455,258632,46819,49996,255440,1843337.907199,0,0,0,228
50,1,6,4.099,1.685,1.685,512,2048,32,5.784000000000001,N/A,N/A,0.681,3346618.422401,460418,86790,373628,0.599,0.00404,7.02e-07,0.603,0.0289,0.0485,5.12e-07,0.0774,460505,462258,87124,88877,460418,3346618.422401,0,0,0,447
51,0,6,4.251,1.526,1.526,2048,2048,32,5.777,N/A,N/A,1.02,5213774.172803,715599,135942,579657,0.93,0.00298,1.1e-06,0.933,0.0294,0.0562,7.7e-07,0.0856,715686,717441,136278,138033,715599,5213774.172803,0,0,0,720
51,1,6,4.179,1.601,1.601,512,128,16,5.78,N/A,N/A,0.127,534375.008,75638,12870,62768,0.0953,0.0027,1.06e-07,0.098,0.0126,0.0167,1.07e-07,0.0293,75761,76797,13089,14125,75638,534375.008,0,0,0,61
52,0,6,3.878,1.917,1.917,64,2048,16,5.795,N/A,N/A,0.291,1432000.902399,198733,36422,162311,0.253,0.00194,2.96e-07,0.255,0.0137,0.0224,2.33e-07,0.0361,198856,199893,36642,37679,198733,1432000.902399,0,0,0,182
52,1,6,3.991,1.799,1.799,64,1024,128,5.79,N/A,N/A,1.29,6127788.284797,842111,157599,684512,1.09,0.00721,1.28e-06,1.1,0.0794,0.121,1e-06,0.2,841982,848021,158600,164639,842111,6127788.284797,0,0,0,1061
52,2,6,3.837,1.961,1.961,64,256,64,5.798,N/A,N/A,0.356,1230791.676799,171767,29883,141884,0.228,0.00944,2.46e-07,0.238,0.0526,0.0655,2.8e-07,0.118,171782,174958,30434,33610,171767,1230791.676799,0,0,0,148
52,3,6,3.774,2.028,2.028,64,512,16,5.802,N/A,N/A,0.12,494897.1456,70510,11846,58664,0.0882,0.00263,9.8e-08,0.0908,0.0127,0.0169,1.02e-07,0.0296,70633,71668,12064,13099,70510,494897.1456,0,0,0,62
53,0,6,3.862,1.935,1.935,32,512,128,5.797000000000001,N/A,N/A,0.821,3475090.3872,483332,87967,395365,0.632,0.0134,7.16e-07,0.646,0.0749,0.101,6.08e-07,0.175,483203,489240,88966,95003,483332,3475090.3872,0,0,0,493
54,0,6,3.754,2.049,2.049,512,128,32,5.803,N/A,N/A,0.247,1013952.460799,140496,25350,115146,0.184,0.00453,2.07e-07,0.188,0.0252,0.0342,1.84e-07,0.0594,140583,142332,25680,27429,140496,1013952.460799,0,0,0,114
55,0,6,4.179,1.601,1.601,128,128,16,5.78,N/A,N/A,0.0839,300642.0896,42805,6726,36079,0.0532,0.00253,5.69e-08,0.0557,0.0124,0.0158,7.58e-08,0.0282,42928,43962,6943,7977,42805,300642.0896,0,0,0,37
55,1,6,3.773,2.028,2.028,32,1024,16,5.801,N/A,N/A,0.173,784660.051199,110241,19526,90715,0.139,0.00216,1.6e-07,0.141,0.0129,0.0186,1.44e-07,0.0315,110364,111399,19744,20779,110241,784660.051199,0,0,0,84
56,0,6,3.961,1.831,1.831,1536,64,128,5.792,N/A,N/A,1.75,8607129.920013,1182111,223135,958976,1.53,0.00747,1.81e-06,1.54,0.0795,0.13,1.34e-06,0.209,1181982,1188022,224137,230177,1182111,8607129.920013,0,0,0,2841
56,1,6,3.527,2.287,2.287,64,32,128,5.814,N/A,N/A,0.386,1305030.3776,183889,30623,153266,0.23,0.00847,2.54e-07,0.238,0.0648,0.0831,3.04e-07,0.148,183760,189794,31619,37653,183889,1305030.3776,0,0,0,125
57,0,6,4.029,1.758,1.758,1536,1536,32,5.787,N/A,N/A,0.785,3962982.064002,544575,103174,441401,0.707,0.00275,8.34e-07,0.71,0.0268,0.0485,6e-07,0.0753,544662,546417,103510,105265,544575,3962982.064002,0,0,0,523
58,0,6,3.906,1.889,1.889,512,256,128,5.795,N/A,N/A,1.06,4597103.987202,637604,116639,520965,0.836,0.0166,9.49e-07,0.853,0.0894,0.118,8.05e-07,0.208,637475,643515,117641,123681,637604,4597103.987202,0,0,0,616
59,0,6,4.011,1.778,1.778,64,512,32,5.789,N/A,N/A,0.232,934088.364799,130207,23302,106905,0.169,0.00428,1.91e-07,0.173,0.0245,0.0339,1.72e-07,0.0583,130294,132042,23631,25379,130207,934088.364799,0,0,0,106
6,0,6,3.81,1.989,1.989,64,256,128,5.799,N/A,N/A,0.658,2417288.371199,337040,59295,277745,0.45,0.0173,4.87e-07,0.467,0.0857,0.105,4.9e-07,0.191,336911,342948,60294,66331,337040,2417288.371199,0,0,0,298
6,1,6,4.064,1.722,1.722,128,2048,32,5.786,N/A,N/A,0.591,2885732.646401,396036,74502,321534,0.514,0.00337,6.03e-07,0.518,0.028,0.0458,4.53e-07,0.0738,396123,397874,74834,76585,396036,2885732.646401,0,0,0,420
6,2,6,4.029,1.758,1.758,2048,1536,32,5.787,N/A,N/A,0.902,4587633.654402,629877,119558,510319,0.819,0.00292,9.66e-07,0.822,0.0281,0.0524,6.86e-07,0.0805,629964,631719,119894,121649,629877,4587633.654402,0,0,0,652
6,3,6,3.754,2.049,2.049,64,128,32,5.803,N/A,N/A,0.138,472869.7696,65740,11014,54726,0.0836,0.00351,9.19e-08,0.0871,0.0222,0.0289,1.11e-07,0.0511,65827,67573,11341,13087,65740,472869.7696,0,0,0,57
6,4,6,3.798,2.002,2.002,1536,128,32,5.8,N/A,N/A,0.471,2258144.489601,310372,58118,252254,0.403,0.00336,4.71e-07,0.406,0.0252,0.0395,3.62e-07,0.0648,310459,312210,58450,60201,310372,2258144.489601,0,0,0,305
6,5,6,4.466,1.299,1.299,1024,1536,128,5.765000000000001,N/A,N/A,2.61,13273162.515209,1822274,346015,1476259,2.36,0.00767,2.79e-06,2.37,0.0861,0.154,2.01e-06,0.24,1822145,1828189,347021,353065,1822274,13273162.515209,0,0,0,4105
6,6,6,3.86,1.937,1.937,2048,64,64,5.797,N/A,N/A,1.14,5585585.769596,766927,144571,622356,0.998,0.00653,1.17e-06,1.0,0.0543,0.085,8.81e-07,0.139,766942,770121,145125,148304,766927,5585585.769596,0,0,0,1386
6,7,6,4.045,1.742,1.742,128,2048,64,5.787,N/A,N/A,1.18,5739960.076797,787347,148667,638680,1.03,0.00704,1.2e-06,1.03,0.0562,0.0902,8.97e-07,0.146,787362,790542,149222,152402,787347,5739960.076797,0,0,0,1521
60,0,6,3.666,2.142,2.142,32,64,16,5.808,N/A,N/A,0.0632,200060.624,29771,4166,25605,0.0351,0.00226,3.61e-08,0.0374,0.0114,0.0145,6.02e-08,0.0259,29894,30925,4380,5411,29771,200060.624,0,0,0,25
61,0,6,4.196,1.584,1.584,1024,128,128,5.779999999999999,N/A,N/A,1.37,6454051.196796,885168,165791,719377,1.15,0.0101,1.34e-06,1.16,0.0823,0.121,1.05e-06,0.204,885039,891079,166793,172833,885168,6454051.196796,0,0,0,1086
62,0,6,3.841,1.957,1.957,256,64,128,5.798,N/A,N/A,0.655,2421977.868799,337911,59295,278616,0.451,0.0182,4.87e-07,0.469,0.0837,0.103,4.63e-07,0.186,337782,343819,60294,66331,337911,2421977.868799,0,0,0,291
63,0,6,3.839,1.959,1.959,32,512,16,5.798,N/A,N/A,0.118,473880.7392,67807,11334,56473,0.0852,0.00285,9.39e-08,0.0881,0.0128,0.0168,9.82e-08,0.0296,67930,68964,11551,12585,67807,473880.7392,0,0,0,56
64,0,6,3.702,2.103,2.103,32,256,16,5.805,N/A,N/A,0.0901,318920.8704,46569,7238,39331,0.0579,0.00292,6.1e-08,0.0608,0.0131,0.0162,8.16e-08,0.0293,46692,47725,7454,8487,46569,318920.8704,0,0,0,40
64,1,6,3.862,1.935,1.935,64,512,128,5.797000000000001,N/A,N/A,0.856,3641692.672,503720,92063,411657,0.658,0.0128,7.5e-07,0.671,0.0792,0.106,6.37e-07,0.186,503591,509629,93063,99101,503720,3641692.672,0,0,0,496
65,0,6,4.24,1.537,1.537,1536,2048,128,5.777,N/A,N/A,3.52,18255697.411332,2503409,477087,2026322,3.24,0.00735,3.83e-06,3.24,0.0957,0.186,2.69e-06,0.282,2503280,2509325,478094,484139,2503409,18255697.411332,0,0,0,6958
66,0,6,3.335,2.489,2.489,64,32,16,5.824,N/A,N/A,0.064,200128.1888,29773,4166,25607,0.0352,0.00229,3.61e-08,0.0375,0.0117,0.0149,6.03e-08,0.0266,29896,30927,4380,5411,29773,200128.1888,0,0,0,25
67,0,6,3.855,1.942,1.942,128,1024,16,5.797,N/A,N/A,0.184,845474.627199,118056,21062,96994,0.149,0.0022,1.72e-07,0.152,0.0134,0.0195,1.52e-07,0.0329,118179,119216,21282,22319,118056,845474.627199,0,0,0,90
68,0,6,4.148,1.634,1.634,32,1024,64,5.782,N/A,N/A,0.667,3013521.456001,416622,76987,339635,0.539,0.00626,6.25e-07,0.545,0.0504,0.0718,5.2e-07,0.122,416637,419814,77539,80716,416622,3013521.456001,0,0,0,380
69,0,6,4.02,1.768,1.768,128,1024,64,5.787999999999999,N/A,N/A,0.715,3270649.312,450139,83131,367008,0.582,0.00696,6.74e-07,0.589,0.0516,0.0747,5.51e-07,0.126,450154,453333,83685,86864,450139,3270649.312,0,0,0,422
7,0,6,3.693,2.113,2.113,512,64,16,5.806,N/A,N/A,0.118,494038.8224,70407,11846,58561,0.0877,0.00245,9.8e-08,0.0901,0.0119,0.0159,1.01e-07,0.0278,70530,71565,12064,13099,70407,494038.8224,0,0,0,58
7,1,6,3.733,2.071,2.071,128,512,16,5.804,N/A,N/A,0.13,534931.792,75687,12870,62817,0.0958,0.00287,1.06e-07,0.0987,0.0133,0.0176,1.08e-07,0.0309,75810,76846,13089,14125,75687,534931.792,0,0,0,65
7,2,6,3.739,2.065,2.065,1024,64,32,5.804,N/A,N/A,0.339,1559978.643199,215528,39686,175842,0.277,0.00309,3.22e-07,0.28,0.0241,0.0354,2.66e-07,0.0595,215615,217364,40016,41765,215528,1559978.643199,0,0,0,181
7,3,6,3.798,2.002,2.002,1536,64,32,5.8,N/A,N/A,0.453,2177170.579201,300029,56070,243959,0.388,0.00297,4.54e-07,0.391,0.0242,0.0384,3.48e-07,0.0626,300116,301866,56401,58151,300029,2177170.579201,0,0,0,298
7,4,6,3.745,2.058,2.058,256,32,16,5.803,N/A,N/A,0.0888,318132.6144,46448,7238,39210,0.0576,0.00283,6.1e-08,0.0604,0.0126,0.0158,8.03e-08,0.0284,46571,47604,7454,8487,46448,318132.6144,0,0,0,40
7,5,6,4.138,1.644,1.644,1024,256,64,5.782,N/A,N/A,0.785,3571824.4128,493690,91323,402367,0.643,0.00876,7.41e-07,0.652,0.056,0.0769,6.18e-07,0.133,493705,496885,91878,95058,493690,3571824.4128,0,0,0,484
7,6,6,4.029,1.758,1.758,1024,1536,32,5.787,N/A,N/A,0.672,3345711.3024,460076,86790,373286,0.596,0.00291,7.02e-07,0.599,0.0268,0.0459,5.18e-07,0.0727,460163,461917,87125,88879,460076,3345711.3024,0,0,0,429
70,0,6,3.952,1.84,1.84,512,1536,128,5.792,N/A,N/A,2.18,10785704.345595,1482274,280479,1201795,1.94,0.0114,2.27e-06,1.95,0.089,0.149,1.65e-06,0.238,1482145,1488188,281484,287527,1482274,10785704.345595,0,0,0,3221
70,1,6,4.118,1.665,1.665,64,1536,64,5.783,N/A,N/A,0.912,4329096.947197,594965,111803,483162,0.775,0.00616,9.06e-07,0.781,0.0515,0.0796,7.02e-07,0.131,594980,598159,112357,115536,594965,4329096.947197,0,0,0,812
71,0,6,3.954,1.838,1.838,32,1536,32,5.792,N/A,N/A,0.446,2135618.227201,294685,55046,239639,0.381,0.003,4.46e-07,0.384,0.0238,0.0386,3.42e-07,0.0624,294772,296521,55376,57125,294685,2135618.227201,0,0,0,278
72,0,6,4.179,1.601,1.601,1024,128,16,5.78,N/A,N/A,0.184,845442.095999,118047,21062,96985,0.149,0.00223,1.72e-07,0.152,0.0132,0.0188,1.52e-07,0.032,118170,119207,21282,22319,118047,845442.095999,0,0,0,89
73,0,6,3.798,2.002,2.002,256,1024,32,5.8,N/A,N/A,0.394,1798391.049599,249033,45830,203203,0.322,0.00413,3.72e-07,0.326,0.0277,0.0401,3.1e-07,0.0678,249120,250871,46162,47913,249033,1798391.049599,0,0,0,202
74,0,6,3.913,1.881,1.881,1536,256,16,5.794,N/A,N/A,0.257,1235020.732799,172262,31302,140960,0.22,0.00255,2.54e-07,0.222,0.014,0.021,2.1e-07,0.035,172385,173424,31524,32563,172262,1235020.732799,0,0,0,144
8,0,6,3.78,2.021,2.021,512,32,32,5.801,N/A,N/A,0.219,893150.351999,125080,22278,102802,0.162,0.00406,1.83e-07,0.166,0.0226,0.0309,1.65e-07,0.0535,125167,126914,22606,24353,125080,893150.351999,0,0,0,103
8,1,6,3.94,1.853,1.853,512,512,16,5.793,N/A,N/A,0.171,768791.0816,108500,19014,89486,0.137,0.00276,1.56e-07,0.14,0.013,0.018,1.4e-07,0.0311,108623,109661,19235,20273,108500,768791.0816,0,0,0,87
8,2,6,3.78,2.021,2.021,512,64,32,5.801,N/A,N/A,0.23,933102.419199,130185,23302,106883,0.168,0.00414,1.91e-07,0.173,0.0244,0.0333,1.72e-07,0.0577,130272,132020,23631,25379,130185,933102.419199,0,0,0,108
8,3,6,3.641,2.167,2.167,32,128,64,5.808,N/A,N/A,0.264,832190.6368,115418,19643,95775,0.153,0.00749,1.63e-07,0.16,0.0463,0.0576,2.07e-07,0.104,115433,118607,20192,23366,115418,832190.6368,0,0,0,92
8,4,6,3.87,1.926,1.926,32,2048,16,5.796,N/A,N/A,0.29,1410517.798399,196029,35910,160119,0.25,0.00216,2.91e-07,0.252,0.0146,0.0235,2.29e-07,0.0381,196152,197188,36129,37165,196029,1410517.798399,0,0,0,182
8,5,6,3.818,1.981,1.981,512,64,128,5.799,N/A,N/A,0.844,3645730.2944,504050,92063,411987,0.655,0.0116,7.49e-07,0.666,0.0754,0.102,6.35e-07,0.178,503921,509959,93063,99101,504050,3645730.2944,0,0,0,493
9,0,6,4.1,1.685,1.685,32,1536,128,5.785,N/A,N/A,1.73,8444835.516789,1161403,219039,942364,1.51,0.00796,1.77e-06,1.52,0.0813,0.134,1.31e-06,0.215,1161274,1167313,220040,226079,1161403,8444835.516789,0,0,0,3156
9,1,6,4.035,1.753,1.753,512,512,64,5.788,N/A,N/A,0.668,2933678.630399,406086,74939,331147,0.534,0.00965,6.09e-07,0.543,0.0532,0.0721,4.97e-07,0.125,406101,409281,75494,78674,406086,2933678.630399,0,0,0,383
9,2,6,4.179,1.601,1.601,2048,128,16,5.78,N/A,N/A,0.298,1471412.451199,203828,37446,166382,0.261,0.00216,3.04e-07,0.263,0.0136,0.0217,2.38e-07,0.0354,203951,204989,37667,38705,203828,1471412.451199,0,0,0,185
9,3,6,3.718,2.087,2.087,128,2048,16,5.805,N/A,N/A,0.301,1472239.494399,203988,37446,166542,0.261,0.00218,3.04e-07,0.263,0.0146,0.0235,2.4e-07,0.0381,204111,205149,37667,38705,203988,1472239.494399,0,0,0,192
9,4,6,3.839,1.959,1.959,64,256,32,5.798,N/A,N/A,0.178,629568.8064,88662,15110,73552,0.115,0.00466,1.25e-07,0.119,0.0256,0.0332,1.4e-07,0.0588,88749,90496,15438,17185,88662,629568.8064,0,0,0,80
9,5,6,4.466,1.299,1.299,2048,1536,128,5.765000000000001,N/A,N/A,3.52,18252337.93932,2503281,477087,2026194,3.24,0.0076,3.83e-06,3.24,0.0957,0.185,2.68e-06,0.281,2503152,2509197,478094,484139,2503281,18252337.93932,0,0,0,7797
9,6,6,4.003,1.786,1.786,1536,512,16,5.789,N/A,N/A,0.283,1390544.892799,193643,35398,158245,0.247,0.00227,2.87e-07,0.249,0.0131,0.0209,2.27e-07,0.034,193766,194806,35621,36661,193643,1390544.892799,0,0,0,176
9,7,6,4.029,1.759,1.759,1536,1536,16,5.788,N/A,N/A,0.397,2012740.377598,278754,51782,226972,0.357,0.00182,4.19e-07,0.359,0.0138,0.0243,3.17e-07,0.0381,278877,279919,52007,53049,278754,2012740.377598,0,0,0,260
9,8,6,3.758,2.044,2.044,128,32,32,5.802,N/A,N/A,0.133,432187.0016,60676,9990,50686,0.0773,0.00366,8.37e-08,0.0809,0.0225,0.0294,1.04e-07,0.0519,60763,62508,10316,12061,60676,432187.0016,0,0,0,54
