Trial Number,Suggestion Number,Clock Period (ns) Entered,Clock_Min_Period,Clock Slack (ns),Clock_Worst_Slack,Wmem Depth,Cache Depth,Gbus width,Total Period (ns),ABC Max Fanout,ABC Map Effort,Power (W),Area (um^2),Total Cells,Sequential Cells,Combinational Cells,Sequential_Internal,Sequential_Switching,Sequential_Leakage,Sequential_Total,Combinational_Internal,Combinational_Switching,Combinational_Leakage,Combinational_Total,Num_Wires,Num_Wire_Bits,Num_Public_Wires,Num_Public_Wire_Bits,Num_Cells,Chip_Area,Num_Memories,Num_Memory_Bits,Num_Processes,Total Time(s)
1,0,6,3.754,2.049,2.049,256,128,32,5.803,N/A,N/A,0.177,716044.2432,99887,17215,82672,0.128,0.00423,1.42e-07,0.132,0.0197,0.0253,1.57e-07,0.045,99974,101722,17544,19292,99887,716044.2432,0,0,0,84
1,1,6,3.803,1.997,1.997,32,256,128,5.8,N/A,N/A,0.611,2282272.630399,321665,55550,266115,0.414,0.0135,4.58e-07,0.427,0.0812,0.102,4.89e-07,0.183,321536,327572,56548,62584,321665,2282272.630399,0,0,0,284
1,2,6,3.824,1.974,1.974,128,512,64,5.798,N/A,N/A,0.498,2012426.326399,277944,50519,227425,0.368,0.00984,4.13e-07,0.378,0.0523,0.0681,3.73e-07,0.12,277959,281137,51072,54250,277944,2012426.326399,0,0,0,260
1,3,6,4.251,1.526,1.526,1024,2048,32,5.777,N/A,N/A,0.773,3974556.9152,546347,103231,443116,0.707,0.00252,8.35e-07,0.71,0.0221,0.0419,6.02e-07,0.0639,546434,548188,103566,105320,546347,3974556.9152,0,0,0,551
1,4,6,3.934,1.859,1.859,2048,64,16,5.793,N/A,N/A,0.302,1431586.755199,198714,36428,162286,0.253,0.00194,2.95e-07,0.255,0.0183,0.0288,2.28e-07,0.047,198837,199874,36648,37685,198714,1431586.755199,0,0,0,177
1,5,6,3.866,1.93,1.93,2048,64,64,5.796,N/A,N/A,1.15,5599619.228797,769159,144727,624432,0.999,0.00655,1.17e-06,1.01,0.0544,0.085,8.87e-07,0.139,769174,772353,145281,148460,769159,5599619.228797,0,0,0,1160
1,6,6,3.976,1.815,1.815,2048,128,32,5.791,N/A,N/A,0.573,2886514.646401,396433,74559,321874,0.514,0.00305,6.04e-07,0.517,0.0206,0.0356,4.45e-07,0.0562,396520,398271,74891,76642,396433,2886514.646401,0,0,0,438
1,7,6,3.798,2.002,2.002,1536,64,32,5.8,N/A,N/A,0.439,2181699.923201,300788,56127,244661,0.387,0.00252,4.55e-07,0.39,0.0184,0.0308,3.5e-07,0.0492,300875,302625,56458,58208,300788,2181699.923201,0,0,0,314
1,8,6,3.697,2.108,2.108,32,256,16,5.805,N/A,N/A,0.1,319092.2848,46593,7244,39349,0.0578,0.00293,6.1e-08,0.0607,0.0171,0.0222,7.66e-08,0.0393,46716,47749,7460,8493,46593,319092.2848,0,0,0,44
1,9,6,3.906,1.889,1.889,128,256,128,5.795,N/A,N/A,0.707,2761479.727999,382860,67838,315022,0.5,0.0148,5.57e-07,0.515,0.0849,0.107,5.6e-07,0.192,382731,388769,68838,74876,382860,2761479.727999,0,0,0,347
10,0,6,3.817,1.982,1.982,32,1024,32,5.799,N/A,N/A,0.318,1524889.990399,211321,38719,172602,0.269,0.00257,3.15e-07,0.272,0.0183,0.0282,2.63e-07,0.0465,211408,213156,39048,40796,211321,1524889.990399,0,0,0,175
10,1,6,4.216,1.562,1.562,32,1536,128,5.7780000000000005,N/A,N/A,1.74,8473610.614413,1166175,219390,946785,1.51,0.00826,1.78e-06,1.52,0.0836,0.137,1.32e-06,0.22,1166046,1172085,220391,226430,1166175,8473610.614413,0,0,0,3246
10,2,6,3.886,1.91,1.91,32,256,32,5.796,N/A,N/A,0.154,594286.2176,84444,14143,70301,0.108,0.00449,1.18e-07,0.112,0.0183,0.0235,1.3e-07,0.0418,84531,86277,14470,16216,84444,594286.2176,0,0,0,74
10,3,6,3.884,1.912,1.912,256,1024,64,5.795999999999999,N/A,N/A,0.788,3582512.163201,494783,91479,403304,0.644,0.00853,7.42e-07,0.652,0.057,0.0794,6.26e-07,0.136,494798,497978,92034,95214,494783,3582512.163201,0,0,0,500
10,4,6,3.914,1.88,1.88,64,128,64,5.7940000000000005,N/A,N/A,0.283,927573.3664,127857,21847,106010,0.168,0.0075,1.82e-07,0.175,0.0479,0.0601,2.25e-07,0.108,127872,131047,22397,25572,127857,927573.3664,0,0,0,114
10,5,6,4.136,1.646,1.646,1024,1024,128,5.782,N/A,N/A,2.16,10831565.830392,1488936,280830,1208106,1.93,0.00795,2.27e-06,1.93,0.0864,0.144,1.67e-06,0.23,1488807,1494850,281835,287878,1488936,10831565.830392,0,0,0,2197
11,0,6,3.999,1.791,1.791,256,1536,64,5.79,N/A,N/A,1.02,4819644.921594,663998,124247,539751,0.866,0.00843,1.01e-06,0.874,0.0579,0.0864,7.93e-07,0.144,664013,667194,124803,127984,663998,4819644.921594,0,0,0,1021
11,1,6,3.335,2.489,2.489,64,32,16,5.824,N/A,N/A,0.0745,200394.6944,29828,4172,25656,0.0351,0.00231,3.61e-08,0.0374,0.0159,0.0212,5.54e-08,0.0371,29951,30982,4386,5417,29828,200394.6944,0,0,0,27
11,2,6,4.158,1.623,1.623,64,2048,32,5.781000000000001,N/A,N/A,0.558,2806253.920001,386138,72511,313627,0.498,0.00249,5.87e-07,0.501,0.0202,0.0367,4.32e-07,0.057,386225,387975,72842,74592,386138,2806253.920001,0,0,0,438
11,3,6,4.117,1.667,1.667,32,1536,64,5.784,N/A,N/A,0.897,4261899.999997,586747,109911,476836,0.762,0.00615,8.91e-07,0.768,0.0511,0.0779,7.01e-07,0.129,586762,589940,110464,113642,586747,4261899.999997,0,0,0,936
11,4,6,3.913,1.881,1.881,512,256,16,5.794,N/A,N/A,0.154,612617.5488,87048,14924,72124,0.11,0.00302,1.23e-07,0.113,0.0174,0.0234,1.17e-07,0.0408,87171,88208,15144,16181,87048,612617.5488,0,0,0,81
11,5,6,4.179,1.601,1.601,2048,128,16,5.78,N/A,N/A,0.304,1471723.999999,203882,37452,166430,0.26,0.00214,3.04e-07,0.263,0.0161,0.0256,2.34e-07,0.0417,204005,205043,37673,38711,203882,1471723.999999,0,0,0,192
11,6,6,3.94,1.853,1.853,256,256,128,5.793,N/A,N/A,0.847,3397031.772799,475254,84222,391032,0.62,0.0173,6.9e-07,0.637,0.0934,0.117,6.91e-07,0.21,475125,481164,85223,91262,475254,3397031.772799,0,0,0,430
11,7,6,4.179,1.601,1.601,128,128,16,5.78,N/A,N/A,0.0945,300849.7888,42859,6732,36127,0.0531,0.00254,5.69e-08,0.0557,0.0167,0.0221,7.09e-08,0.0388,42982,44016,6949,7983,42859,300849.7888,0,0,0,38
12,0,6,4.184,1.595,1.595,1536,2048,64,5.779,N/A,N/A,1.8,9170604.086394,1259052,238935,1020117,1.64,0.00568,1.93e-06,1.64,0.0592,0.105,1.4e-06,0.164,1259067,1262251,239494,242678,1259052,9170604.086394,0,0,0,2050
12,1,6,3.995,1.795,1.795,128,1536,64,5.79,N/A,N/A,0.948,4498987.385596,618035,116055,501980,0.805,0.00679,9.4e-07,0.812,0.054,0.0825,7.27e-07,0.136,618050,621230,116610,119790,618035,4498987.385596,0,0,0,892
12,2,6,3.551,2.262,2.262,1024,32,16,5.813000000000001,N/A,N/A,0.182,786096.428799,110370,19532,90838,0.139,0.0022,1.6e-07,0.141,0.0167,0.0239,1.4e-07,0.0406,110493,111528,19750,20785,110370,786096.428799,0,0,0,86
12,3,6,4.196,1.584,1.584,1536,128,128,5.779999999999999,N/A,N/A,1.83,8956474.969612,1228024,231678,996346,1.6,0.00965,1.88e-06,1.61,0.0871,0.138,1.4e-06,0.225,1227895,1233936,232681,238722,1228024,8956474.969612,0,0,0,3290
12,4,6,3.539,2.275,2.275,128,32,64,5.814,N/A,N/A,0.263,845399.5552,117447,19799,97648,0.154,0.00755,1.65e-07,0.161,0.0453,0.0558,2.13e-07,0.101,117462,120636,20348,23522,117447,845399.5552,0,0,0,104
12,5,6,3.983,1.807,1.807,128,1024,32,5.79,N/A,N/A,0.344,1646470.345599,226843,41791,185052,0.291,0.00292,3.4e-07,0.294,0.0201,0.03,2.84e-07,0.0501,226930,228680,42122,43872,226843,1646470.345599,0,0,0,198
12,6,6,3.739,2.065,2.065,1024,64,32,5.804,N/A,N/A,0.325,1564497.977599,216244,39743,176501,0.276,0.00264,3.23e-07,0.279,0.0185,0.0281,2.68e-07,0.0465,216331,218080,40073,41822,216244,1564497.977599,0,0,0,192
12,7,6,3.816,1.983,1.983,64,64,64,5.7989999999999995,N/A,N/A,0.256,765944.6016,108116,17751,90365,0.143,0.00843,1.49e-07,0.151,0.0469,0.0573,2.01e-07,0.104,108131,111305,18300,21474,108116,765944.6016,0,0,0,98
13,0,6,4.169,1.611,1.611,2048,1024,64,5.779999999999999,N/A,N/A,1.58,7939708.559993,1090874,206167,884707,1.42,0.00606,1.67e-06,1.42,0.0593,0.0996,1.23e-06,0.159,1090889,1094072,206725,209908,1090874,7939708.559993,0,0,0,1731
13,1,6,4.179,1.601,1.601,1024,128,16,5.78,N/A,N/A,0.197,845831.219199,118093,21068,97025,0.15,0.00229,1.72e-07,0.152,0.0187,0.0267,1.5e-07,0.0455,118216,119253,21288,22325,118093,845831.219199,0,0,0,93
13,2,6,3.831,1.968,1.968,1024,64,128,5.7989999999999995,N/A,N/A,1.3,6162049.894397,848458,157950,690508,1.09,0.00799,1.28e-06,1.1,0.079,0.118,1.01e-06,0.197,848329,854368,158951,164990,848458,6162049.894397,0,0,0,1335
13,3,6,4.083,1.702,1.702,2048,32,128,5.785,N/A,N/A,2.2,10978559.30891,1509235,284926,1224309,1.96,0.00861,2.3e-06,1.97,0.0866,0.145,1.68e-06,0.232,1509106,1515145,285927,291966,1509235,10978559.30891,0,0,0,4655
14,0,6,4.036,1.751,1.751,1536,1024,128,5.786999999999999,N/A,N/A,2.62,13315997.347195,1828677,346366,1482311,2.36,0.00754,2.79e-06,2.37,0.0923,0.161,2.04e-06,0.253,1828548,1834592,347372,353416,1828677,13315997.347195,0,0,0,4073
14,1,6,3.974,1.817,1.817,512,2048,16,5.791,N/A,N/A,0.354,1706352.777599,236889,43596,193293,0.303,0.00233,3.53e-07,0.305,0.0187,0.0302,2.67e-07,0.0489,237012,238052,43819,44859,236889,1706352.777599,0,0,0,211
14,2,6,4.031,1.756,1.756,1536,32,64,5.787,N/A,N/A,0.895,4262381.711997,587193,109911,477282,0.762,0.00624,8.91e-07,0.769,0.0509,0.0757,6.99e-07,0.127,587208,590386,110464,113642,587193,4262381.711997,0,0,0,867
14,3,6,4.019,1.77,1.77,512,2048,32,5.789,N/A,N/A,0.664,3349127.078401,461145,86847,374298,0.598,0.00347,7.03e-07,0.602,0.0223,0.04,5.11e-07,0.0624,461232,462985,87181,88934,461145,3349127.078401,0,0,0,515
14,4,6,4.169,1.611,1.611,1536,1024,64,5.779999999999999,N/A,N/A,1.34,6681814.639997,918887,173399,745488,1.19,0.00577,1.4e-06,1.2,0.0564,0.0913,1.05e-06,0.148,918902,922085,173957,177140,918887,6681814.639997,0,0,0,1286
14,5,6,3.687,2.119,2.119,32,128,64,5.806,N/A,N/A,0.266,844289.7408,117491,19799,97692,0.154,0.00757,1.65e-07,0.161,0.0468,0.058,2.09e-07,0.105,117506,120680,20348,23522,117491,844289.7408,0,0,0,99
14,6,6,4.031,1.757,1.757,512,512,128,5.787999999999999,N/A,N/A,1.28,5849654.032002,809125,149758,659367,1.06,0.0151,1.22e-06,1.07,0.0871,0.122,9.49e-07,0.209,808996,815037,150761,156802,809125,5849654.032002,0,0,0,957
15,0,6,3.666,2.142,2.142,32,64,16,5.808,N/A,N/A,0.0744,200420.9696,29832,4172,25660,0.0351,0.0023,3.61e-08,0.0374,0.0159,0.0211,5.54e-08,0.037,29955,30986,4386,5417,29832,200420.9696,0,0,0,26
15,1,6,3.758,2.044,2.044,128,32,32,5.802,N/A,N/A,0.118,436927.7984,61383,10047,51336,0.0766,0.0032,8.44e-08,0.0798,0.0166,0.0216,1.06e-07,0.0382,61470,63215,10373,12118,61383,436927.7984,0,0,0,48
15,2,6,3.739,2.065,2.065,32,64,32,5.804,N/A,N/A,0.0986,355578.528,51027,7999,43028,0.0613,0.00271,6.78e-08,0.064,0.015,0.0196,9.3e-08,0.0346,51114,52858,8324,10068,51027,355578.528,0,0,0,39
16,0,6,3.693,2.113,2.113,512,32,16,5.806,N/A,N/A,0.126,474113.4624,67878,11340,56538,0.0847,0.00265,9.39e-08,0.0874,0.0164,0.0222,9.29e-08,0.0386,68001,69035,11557,12591,67878,474113.4624,0,0,0,56
16,1,6,3.733,2.071,2.071,128,512,16,5.804,N/A,N/A,0.14,535249.5968,75744,12876,62868,0.0958,0.00288,1.06e-07,0.0987,0.0173,0.0236,1.03e-07,0.041,75867,76903,13095,14131,75744,535249.5968,0,0,0,65
16,2,6,4.178,1.602,1.602,32,2048,32,5.78,N/A,N/A,0.549,2766101.660801,381075,71487,309588,0.492,0.00253,5.79e-07,0.494,0.0196,0.0356,4.27e-07,0.0552,381162,382911,71817,73566,381075,2766101.660801,0,0,0,408
16,3,6,3.976,1.815,1.815,2048,64,32,5.791,N/A,N/A,0.556,2805509.456001,386123,72511,313612,0.499,0.00264,5.87e-07,0.501,0.0197,0.0348,4.32e-07,0.0544,386210,387960,72842,74592,386123,2805509.456001,0,0,0,418
16,4,6,4.138,1.644,1.644,2048,256,64,5.782,N/A,N/A,1.25,6075297.942396,835928,157015,678913,1.09,0.00878,1.27e-06,1.1,0.0599,0.0914,9.7e-07,0.151,835943,839124,157571,160752,835928,6075297.942396,0,0,0,1166
16,5,6,4.138,1.644,1.644,512,256,64,5.782,N/A,N/A,0.565,2333452.966399,324347,58711,265636,0.427,0.0108,4.79e-07,0.438,0.0557,0.0715,4.35e-07,0.127,324362,327541,59265,62444,324347,2333452.966399,0,0,0,312
16,6,6,4.024,1.764,1.764,256,512,64,5.788,N/A,N/A,0.56,2331866.444799,324228,58711,265517,0.425,0.0102,4.79e-07,0.436,0.0542,0.0702,4.34e-07,0.124,324243,327422,59265,62444,324228,2331866.444799,0,0,0,310
16,7,6,3.914,1.88,1.88,256,128,64,5.7940000000000005,N/A,N/A,0.387,1403215.795199,194660,34135,160525,0.258,0.0099,2.81e-07,0.268,0.0535,0.066,3.07e-07,0.12,194675,197852,34687,37864,194660,1403215.795199,0,0,0,169
17,0,6,4.251,1.526,1.526,2048,2048,32,5.777,N/A,N/A,1.0,5219957.603203,716585,135999,580586,0.93,0.00255,1.1e-06,0.932,0.0239,0.0487,7.74e-07,0.0726,716672,718427,136335,138090,716585,5219957.603203,0,0,0,748
17,1,6,3.675,2.132,2.132,128,32,16,5.807,N/A,N/A,0.0828,240077.7536,35006,5196,29810,0.0427,0.0025,4.45e-08,0.0452,0.0162,0.0213,6.13e-08,0.0376,35129,36161,5411,6443,35006,240077.7536,0,0,0,31
17,2,6,3.913,1.881,1.881,128,256,16,5.794,N/A,N/A,0.111,379528.9984,54304,8780,45524,0.068,0.00286,7.34e-08,0.0709,0.0175,0.023,8.49e-08,0.0405,54427,55462,8998,10033,54304,379528.9984,0,0,0,47
17,3,6,3.936,1.857,1.857,64,1536,16,5.793,N/A,N/A,0.237,1116443.257599,155610,28236,127374,0.197,0.00195,2.3e-07,0.199,0.0146,0.0228,1.86e-07,0.0373,155733,156770,28456,29493,155610,1116443.257599,0,0,0,133
17,4,6,3.878,1.917,1.917,64,2048,16,5.795,N/A,N/A,0.296,1432259.900799,198776,36428,162348,0.253,0.00193,2.96e-07,0.255,0.0158,0.0256,2.28e-07,0.0414,198899,199936,36648,37685,198776,1432259.900799,0,0,0,185
17,5,6,4.029,1.758,1.758,1536,1536,32,5.787,N/A,N/A,0.77,3967545.190402,545319,103231,442088,0.707,0.00232,8.35e-07,0.709,0.0208,0.0407,6.01e-07,0.0615,545406,547161,103567,105322,545319,3967545.190402,0,0,0,545
18,0,6,3.806,1.994,1.994,64,32,128,5.8,N/A,N/A,0.398,1332580.5504,188369,30974,157395,0.232,0.00858,2.58e-07,0.241,0.0688,0.0884,3.15e-07,0.157,188240,194274,31970,38004,188369,1332580.5504,0,0,0,134
18,1,6,4.186,1.594,1.594,512,1024,128,5.78,N/A,N/A,1.72,8383421.615997,1156882,215294,941588,1.49,0.0116,1.74e-06,1.5,0.087,0.135,1.31e-06,0.222,1156753,1162795,216298,222340,1156882,8383421.615997,0,0,0,1436
18,2,6,3.87,1.926,1.926,32,2048,16,5.796,N/A,N/A,0.298,1410760.531199,196073,35916,160157,0.25,0.00216,2.91e-07,0.252,0.0177,0.0281,2.25e-07,0.0459,196196,197232,36135,37171,196073,1410760.531199,0,0,0,179
18,3,6,3.739,2.065,2.065,256,64,32,5.804,N/A,N/A,0.158,635107.8688,89555,15167,74388,0.113,0.00385,1.26e-07,0.117,0.0181,0.0234,1.43e-07,0.0415,89642,91389,15495,17242,89555,635107.8688,0,0,0,73
18,4,6,3.798,2.002,2.002,1536,128,32,5.8,N/A,N/A,0.456,2262705.113601,311098,58175,252923,0.402,0.00291,4.71e-07,0.405,0.0193,0.0317,3.64e-07,0.051,311185,312936,58507,60258,311098,2262705.113601,0,0,0,312
19,0,6,4.104,1.68,1.68,1024,1536,16,5.784,N/A,N/A,0.349,1702087.436799,236163,43596,192567,0.301,0.00186,3.53e-07,0.303,0.0172,0.0281,2.68e-07,0.0454,236286,237327,43820,44861,236163,1702087.436799,0,0,0,195
19,1,6,3.89,1.905,1.905,64,512,64,5.795,N/A,N/A,0.469,1857398.892799,257534,46423,211111,0.341,0.00986,3.8e-07,0.351,0.0515,0.0673,3.48e-07,0.119,257549,260726,46975,50152,257534,1857398.892799,0,0,0,237
19,2,6,4.05,1.737,1.737,1024,1024,32,5.787,N/A,N/A,0.543,2733158.815999,376568,70463,306105,0.485,0.00254,5.71e-07,0.487,0.021,0.0352,4.38e-07,0.0563,376655,378408,70797,72550,376568,2733158.815999,0,0,0,311
19,3,6,3.84,1.958,1.958,512,32,128,5.798,N/A,N/A,0.83,3511251.3184,488457,88318,400139,0.632,0.0126,7.21e-07,0.645,0.0791,0.106,6.18e-07,0.185,488328,494365,89317,95354,488457,3511251.3184,0,0,0,476
19,4,6,3.891,1.905,1.905,1536,1024,16,5.796,N/A,N/A,0.351,1700409.577599,235830,43596,192234,0.301,0.00189,3.53e-07,0.303,0.0181,0.0293,2.68e-07,0.0474,235953,236994,43820,44861,235830,1700409.577599,0,0,0,198
19,5,6,3.974,1.817,1.817,64,128,16,5.791,N/A,N/A,0.0857,260277.1264,37512,5708,31804,0.0456,0.00233,4.86e-08,0.0479,0.0162,0.0216,6.41e-08,0.0378,37635,38668,5924,6957,37512,260277.1264,0,0,0,34
2,0,6,4.12,1.663,1.663,128,1536,128,5.783,N/A,N/A,1.83,8950945.916812,1227457,231678,995779,1.6,0.00962,1.88e-06,1.61,0.0869,0.141,1.4e-06,0.228,1227328,1233369,232681,238722,1227457,8950945.916812,0,0,0,3537
2,1,6,3.82,1.979,1.979,256,64,64,5.7989999999999995,N/A,N/A,0.351,1246082.591999,173984,30039,143945,0.228,0.00903,2.48e-07,0.237,0.051,0.0631,2.86e-07,0.114,173999,177175,30590,33766,173984,1246082.591999,0,0,0,152
2,2,6,3.758,2.044,2.044,1024,32,32,5.802,N/A,N/A,0.318,1524509.625599,211118,38719,172399,0.27,0.00275,3.15e-07,0.272,0.018,0.0272,2.62e-07,0.0452,211205,212953,39048,40796,211118,1524509.625599,0,0,0,175
2,3,6,4.104,1.68,1.68,2048,1536,16,5.784,N/A,N/A,0.466,2328300.524799,321980,59980,262000,0.413,0.00185,4.85e-07,0.414,0.0187,0.0327,3.55e-07,0.0514,322103,323145,60205,61247,321980,2328300.524799,0,0,0,303
2,4,6,3.924,1.869,1.869,1024,64,64,5.793,N/A,N/A,0.682,3107764.342401,428834,79191,349643,0.554,0.00648,6.43e-07,0.561,0.0504,0.0707,5.39e-07,0.121,428849,432027,79744,82922,428834,3107764.342401,0,0,0,440
2,5,6,4.179,1.601,1.601,512,128,16,5.78,N/A,N/A,0.138,534727.8464,75714,12876,62838,0.0952,0.00268,1.06e-07,0.0979,0.0169,0.023,1.03e-07,0.0399,75837,76873,13095,14131,75714,534727.8464,0,0,0,68
2,6,6,4.019,1.769,1.769,1536,1536,16,5.788,N/A,N/A,0.408,2013522.377598,278802,51788,227014,0.357,0.00186,4.19e-07,0.359,0.0182,0.0307,3.14e-07,0.0489,278925,279967,52013,53055,278802,2013522.377598,0,0,0,261
2,7,6,4.019,1.769,1.769,1536,256,128,5.788,N/A,N/A,1.97,9590249.059207,1320246,248062,1072184,1.72,0.0125,2.01e-06,1.73,0.0944,0.145,1.54e-06,0.239,1320117,1326159,249066,255108,1320246,9590249.059207,0,0,0,4200
2,8,6,4.466,1.299,1.299,2048,1536,128,5.765000000000001,N/A,N/A,3.52,18278716.988919,2507808,477438,2030370,3.24,0.0076,3.83e-06,3.25,0.0972,0.187,2.69e-06,0.284,2507679,2513724,478445,484490,2507808,18278716.988919,0,0,0,8310
2,9,6,3.771,2.03,2.03,512,64,64,5.801,N/A,N/A,0.464,1855960.012799,257506,46423,211083,0.339,0.00932,3.79e-07,0.349,0.0502,0.065,3.45e-07,0.115,257521,260698,46975,50152,257506,1855960.012799,0,0,0,251
20,0,6,3.932,1.861,1.861,1536,64,64,5.793,N/A,N/A,0.911,4341895.471996,597423,111959,485464,0.776,0.00629,9.07e-07,0.783,0.0514,0.0767,7.07e-07,0.128,597438,600617,112513,115692,597423,4341895.471996,0,0,0,886
20,1,6,4.217,1.561,1.561,1536,1536,64,5.778,N/A,N/A,1.57,7914252.895991,1087428,206167,881261,1.41,0.00562,1.67e-06,1.42,0.0562,0.097,1.21e-06,0.153,1087443,1090627,206726,209910,1087428,7914252.895991,0,0,0,1529
20,2,6,3.737,2.066,2.066,1536,64,16,5.803,N/A,N/A,0.244,1116270.591999,155556,28236,127320,0.197,0.00201,2.3e-07,0.199,0.0175,0.0267,1.84e-07,0.0442,155679,156716,28456,29493,155556,1116270.591999,0,0,0,135
20,3,6,3.758,2.044,2.044,32,32,32,5.802,N/A,N/A,0.0915,316751.2896,46061,6975,39086,0.0547,0.00279,5.95e-08,0.0575,0.0148,0.0192,8.86e-08,0.034,46148,47891,7299,9042,46061,316751.2896,0,0,0,38
20,4,6,4.179,1.601,1.601,1536,128,16,5.78,N/A,N/A,0.246,1156688.105599,160830,29260,131570,0.205,0.00215,2.38e-07,0.207,0.0155,0.0236,1.9e-07,0.0391,160953,161991,29481,30519,160830,1156688.105599,0,0,0,151
21,0,6,3.816,1.983,1.983,1536,1024,32,5.7989999999999995,N/A,N/A,0.656,3350458.3552,461063,86847,374216,0.596,0.00235,7.03e-07,0.598,0.0207,0.0376,5.2e-07,0.0582,461150,462904,87182,88936,461063,3350458.3552,0,0,0,420
21,1,6,3.604,2.206,2.206,64,32,64,5.8100000000000005,N/A,N/A,0.232,687122.7552,97127,15703,81424,0.124,0.00688,1.32e-07,0.131,0.0448,0.0558,1.89e-07,0.101,97142,100315,16251,19424,97127,687122.7552,0,0,0,77
21,2,6,3.839,1.959,1.959,32,512,16,5.798,N/A,N/A,0.128,474211.056,67845,11340,56505,0.0852,0.00285,9.39e-08,0.088,0.0168,0.0228,9.34e-08,0.0396,67968,69002,11557,12591,67845,474211.056,0,0,0,58
21,3,6,3.917,1.876,1.876,64,256,64,5.792999999999999,N/A,N/A,0.354,1242728.124799,173773,30039,143734,0.229,0.00951,2.48e-07,0.239,0.0514,0.0641,2.81e-07,0.115,173788,176964,30590,33766,173773,1242728.124799,0,0,0,155
21,4,6,3.992,1.797,1.797,256,256,32,5.789,N/A,N/A,0.211,871729.808,122770,21311,101459,0.158,0.00501,1.76e-07,0.163,0.0212,0.0269,1.84e-07,0.0481,122857,124606,21641,23390,122770,871729.808,0,0,0,103
22,0,6,3.914,1.88,1.88,128,128,64,5.7940000000000005,N/A,N/A,0.318,1087884.6176,148323,25943,122380,0.197,0.00806,2.15e-07,0.205,0.0501,0.0631,2.5e-07,0.113,148338,151514,26494,29670,148323,1087884.6176,0,0,0,124
22,1,6,4.062,1.724,1.724,512,1024,64,5.7860000000000005,N/A,N/A,0.896,4204361.065601,580095,107863,472232,0.753,0.00799,8.74e-07,0.761,0.0553,0.0798,6.98e-07,0.135,580110,583291,108419,111600,580095,4204361.065601,0,0,0,537
22,2,6,3.954,1.838,1.838,32,1536,32,5.792,N/A,N/A,0.432,2140210.131201,295416,55103,240313,0.38,0.00254,4.46e-07,0.383,0.0181,0.0312,3.44e-07,0.0493,295503,297252,55433,57182,295416,2140210.131201,0,0,0,285
23,0,6,3.958,1.834,1.834,128,256,32,5.792,N/A,N/A,0.177,715234.7168,99873,17215,82658,0.128,0.00426,1.42e-07,0.133,0.0196,0.025,1.55e-07,0.0445,99960,101708,17544,19292,99873,715234.7168,0,0,0,83
23,1,6,3.855,1.942,1.942,128,1024,16,5.797,N/A,N/A,0.189,845818.707199,118105,21068,97037,0.149,0.00214,1.72e-07,0.151,0.0152,0.0221,1.5e-07,0.0374,118228,119265,21288,22325,118105,845818.707199,0,0,0,93
23,2,6,3.919,1.875,1.875,512,256,32,5.7940000000000005,N/A,N/A,0.265,1175710.099199,164229,29503,134726,0.213,0.00481,2.41e-07,0.218,0.0203,0.0273,2.14e-07,0.0476,164316,166066,29834,31584,164229,1175710.099199,0,0,0,136
23,3,6,3.495,2.321,2.321,64,64,32,5.816000000000001,N/A,N/A,0.107,397527.5104,56223,9023,47200,0.0684,0.00286,7.61e-08,0.0713,0.0156,0.0205,9.91e-08,0.0361,56310,58055,9349,11094,56223,397527.5104,0,0,0,45
24,0,6,3.875,1.921,1.921,512,512,64,5.796,N/A,N/A,0.668,2949316.127999,408517,75095,333422,0.535,0.00965,6.1e-07,0.544,0.0525,0.0711,5.06e-07,0.124,408532,411712,75650,78830,408517,2949316.127999,0,0,0,374
24,1,6,3.906,1.889,1.889,2048,256,128,5.795,N/A,N/A,2.43,12086036.467305,1662677,313598,1349079,2.16,0.0129,2.53e-06,2.17,0.0979,0.16,1.86e-06,0.258,1662548,1668590,314602,320644,1662677,12086036.467305,0,0,0,4413
24,2,6,4.024,1.764,1.764,1024,512,64,5.788,N/A,N/A,0.891,4194719.318401,579143,107863,471280,0.752,0.00762,8.75e-07,0.76,0.0535,0.0777,6.88e-07,0.131,579158,582339,108419,111600,579143,4194719.318401,0,0,0,563
24,3,6,3.909,1.885,1.885,32,512,64,5.794,N/A,N/A,0.449,1774501.887999,247285,44375,202910,0.324,0.00886,3.63e-07,0.333,0.0503,0.0653,3.38e-07,0.116,247300,250476,44926,48102,247285,1774501.887999,0,0,0,245
25,0,6,3.992,1.797,1.797,1024,256,32,5.789,N/A,N/A,0.377,1802371.116799,249574,45887,203687,0.322,0.00384,3.73e-07,0.325,0.021,0.0309,3.11e-07,0.0519,249661,251412,46219,47970,249574,1802371.116799,0,0,0,201
26,0,6,4.019,1.77,1.77,1536,128,64,5.789,N/A,N/A,0.947,4500623.955196,618096,116055,502041,0.806,0.00704,9.41e-07,0.813,0.0538,0.0801,7.28e-07,0.134,618111,621291,116610,119790,618096,4500623.955196,0,0,0,894
26,1,6,4.25,1.526,1.526,32,2048,64,5.776,N/A,N/A,1.13,5510466.223995,758416,142679,615737,0.985,0.0062,1.15e-06,0.991,0.0535,0.0868,8.62e-07,0.14,758431,761609,143232,146410,758416,5510466.223995,0,0,0,1269
26,2,6,3.78,2.021,2.021,512,64,32,5.801,N/A,N/A,0.212,938525.119999,130945,23359,107586,0.168,0.00354,1.92e-07,0.171,0.0172,0.0236,1.74e-07,0.0407,131032,132780,23688,25436,130945,938525.119999,0,0,0,108
26,3,6,4.101,1.683,1.683,256,2048,32,5.784,N/A,N/A,0.609,3046455.542401,419582,78655,340927,0.543,0.00362,6.37e-07,0.547,0.0231,0.0393,4.83e-07,0.0624,419669,421421,78988,80740,419582,3046455.542401,0,0,0,472
27,0,6,3.853,1.944,1.944,1536,32,128,5.797000000000001,N/A,N/A,1.73,8472081.648013,1166496,219390,947106,1.51,0.00836,1.78e-06,1.52,0.0804,0.13,1.32e-06,0.21,1166367,1172406,220391,226430,1166496,8472081.648013,0,0,0,2621
27,1,6,3.582,2.23,2.23,1024,64,16,5.811999999999999,N/A,N/A,0.184,805660.191999,112963,20044,92919,0.142,0.00196,1.64e-07,0.144,0.0164,0.0237,1.42e-07,0.0401,113086,114122,20263,21299,112963,805660.191999,0,0,0,87
27,2,6,3.754,2.049,2.049,64,128,32,5.803,N/A,N/A,0.124,477243.9648,66470,11071,55399,0.0829,0.00304,9.26e-08,0.086,0.0164,0.0215,1.12e-07,0.038,66557,68303,11398,13144,66470,477243.9648,0,0,0,54
28,0,6,4.217,1.561,1.561,1024,1536,64,5.778,N/A,N/A,1.34,6681017.625596,918327,173399,744928,1.19,0.00585,1.4e-06,1.2,0.0549,0.0897,1.05e-06,0.145,918342,921525,173957,177140,918327,6681017.625596,0,0,0,1060
28,1,6,3.924,1.869,1.869,1024,32,64,5.793,N/A,N/A,0.666,3026111.030401,418610,77143,341467,0.54,0.00638,6.26e-07,0.547,0.0497,0.0696,5.26e-07,0.119,418625,421802,77695,80872,418610,3026111.030401,0,0,0,407
29,0,6,3.988,1.803,1.803,64,1024,16,5.791,N/A,N/A,0.185,806737.475199,113052,20044,93008,0.142,0.00197,1.64e-07,0.144,0.0169,0.0247,1.43e-07,0.0416,113175,114211,20263,21299,113052,806737.475199,0,0,0,90
29,1,6,3.914,1.88,1.88,512,128,64,5.7940000000000005,N/A,N/A,0.496,2015520.543999,278171,50519,227652,0.366,0.00908,4.13e-07,0.375,0.0522,0.068,3.72e-07,0.12,278186,281364,51072,54250,278171,2015520.543999,0,0,0,249
29,2,6,4.031,1.757,1.757,2048,512,128,5.787999999999999,N/A,N/A,2.63,13316377.712107,1830002,346366,1483636,2.37,0.0111,2.79e-06,2.39,0.0936,0.161,2e-06,0.254,1829873,1835916,347371,353414,1830002,13316377.712107,0,0,0,4787
29,3,6,3.409,2.412,2.412,32,32,64,5.821,N/A,N/A,0.216,605938.6432,86806,13655,73151,0.11,0.00673,1.15e-07,0.117,0.0442,0.0547,1.75e-07,0.099,86821,89993,14202,17374,86806,605938.6432,0,0,0,69
29,4,6,3.784,2.017,2.017,256,1536,16,5.801,N/A,N/A,0.268,1235620.057599,172355,31308,141047,0.22,0.0025,2.55e-07,0.222,0.0183,0.0277,2.05e-07,0.046,172478,173517,31530,32569,172355,1235620.057599,0,0,0,149
29,5,6,3.866,1.93,1.93,64,256,16,5.796,N/A,N/A,0.103,339349.2128,49193,7756,41437,0.0607,0.00271,6.51e-08,0.0634,0.0172,0.0226,7.95e-08,0.0398,49316,50350,7973,9007,49193,339349.2128,0,0,0,42
3,0,6,4.319,1.454,1.454,2048,512,32,5.773,N/A,N/A,0.661,3348726.6944,460927,86847,374080,0.598,0.00336,7.03e-07,0.601,0.0213,0.0383,5.06e-07,0.0595,461014,462767,87181,88934,460927,3348726.6944,0,0,0,476
3,1,6,3.754,2.049,2.049,512,128,32,5.803,N/A,N/A,0.231,1022089.014399,141772,25407,116365,0.183,0.00404,2.08e-07,0.187,0.0188,0.0256,1.89e-07,0.0444,141859,143608,25737,27486,141772,1022089.014399,0,0,0,119
3,2,6,3.924,1.869,1.869,2048,1024,16,5.793,N/A,N/A,0.409,2017299.750399,279267,51788,227479,0.357,0.00187,4.19e-07,0.359,0.0188,0.0313,3.12e-07,0.0501,279390,280431,52012,53053,279267,2017299.750399,0,0,0,241
3,3,6,3.992,1.797,1.797,1536,256,32,5.789,N/A,N/A,0.491,2419793.273601,334120,62271,271849,0.432,0.00369,5.05e-07,0.436,0.021,0.0337,3.93e-07,0.0547,334207,335959,62604,64356,334120,2419793.273601,0,0,0,331
3,4,6,3.615,2.195,2.195,64,32,32,5.8100000000000005,N/A,N/A,0.0994,355617.3152,51015,7999,43016,0.0613,0.00271,6.78e-08,0.064,0.0153,0.0201,9.28e-08,0.0354,51102,52846,8324,10068,51015,355617.3152,0,0,0,40
3,5,6,3.816,1.983,1.983,2048,1024,32,5.7989999999999995,N/A,N/A,0.774,3976550.076801,546544,103231,443313,0.707,0.00249,8.35e-07,0.71,0.0224,0.0416,6.09e-07,0.064,546631,548385,103566,105320,546544,3976550.076801,0,0,0,527
3,6,6,4.077,1.709,1.709,2048,2048,16,5.786,N/A,N/A,0.524,2643484.060799,365130,68172,296958,0.468,0.00185,5.51e-07,0.47,0.0195,0.0347,3.99e-07,0.0542,365253,366295,68397,69439,365130,2643484.060799,0,0,0,328
3,7,6,4.25,1.526,1.526,1024,512,32,5.776,N/A,N/A,0.43,2109505.683199,291602,54079,237523,0.376,0.00337,4.39e-07,0.379,0.0199,0.0314,3.43e-07,0.0513,291689,293441,54412,56164,291602,2109505.683199,0,0,0,249
3,8,6,4.087,1.698,1.698,128,1536,32,5.785,N/A,N/A,0.458,2262612.524801,310872,58175,252697,0.402,0.00293,4.71e-07,0.405,0.0198,0.0333,3.63e-07,0.053,310959,312710,58507,60258,310872,2262612.524801,0,0,0,297
30,0,6,3.836,1.962,1.962,32,128,128,5.798,N/A,N/A,0.474,1652506.134399,229402,39166,190236,0.293,0.0105,3.25e-07,0.304,0.0749,0.0956,3.65e-07,0.171,229273,235308,40163,46198,229402,1652506.134399,0,0,0,179
30,1,6,3.996,1.794,1.794,128,2048,64,5.79,N/A,N/A,1.18,5753883.430397,789227,148823,640404,1.03,0.007,1.2e-06,1.04,0.0566,0.0903,9.06e-07,0.147,789242,792422,149378,152558,789227,5753883.430397,0,0,0,1344
30,2,6,4.211,1.567,1.567,2048,1536,64,5.7780000000000005,N/A,N/A,1.81,9170850.572792,1259026,238935,1020091,1.64,0.00591,1.93e-06,1.64,0.0594,0.105,1.4e-06,0.165,1259041,1262225,239494,242678,1259026,9170850.572792,0,0,0,1828
31,0,6,3.782,2.018,2.018,128,1536,16,5.8,N/A,N/A,0.251,1157343.734399,160908,29260,131648,0.205,0.00215,2.38e-07,0.207,0.0175,0.0269,1.91e-07,0.0443,161031,162069,29481,30519,160908,1157343.734399,0,0,0,135
31,1,6,3.78,2.021,2.021,512,32,32,5.801,N/A,N/A,0.206,897553.324799,125812,22335,103477,0.161,0.00372,1.83e-07,0.165,0.0172,0.0237,1.67e-07,0.0409,125899,127646,22663,24410,125812,897553.324799,0,0,0,102
32,0,6,3.862,1.935,1.935,64,512,128,5.797000000000001,N/A,N/A,0.862,3669747.0784,508341,92414,415927,0.66,0.0128,7.54e-07,0.673,0.081,0.108,6.49e-07,0.189,508212,514250,93414,99452,508341,3669747.0784,0,0,0,563
32,1,6,3.335,2.489,2.489,32,32,16,5.824,N/A,N/A,0.0734,178892.8224,27176,3660,23516,0.032,0.00245,3.2e-08,0.0345,0.0168,0.0221,5.43e-08,0.0389,27299,28329,3873,4903,27176,178892.8224,0,0,0,25
32,2,6,4.083,1.702,1.702,512,2048,128,5.785,N/A,N/A,2.65,13313123.340935,1829432,346366,1483066,2.38,0.0117,2.79e-06,2.39,0.0976,0.171,1.99e-06,0.268,1829303,1835346,347371,353414,1829432,13313123.340935,0,0,0,4998
32,3,6,3.927,1.867,1.867,32,1024,128,5.7940000000000005,N/A,N/A,1.27,5997733.551997,827613,153854,673759,1.07,0.0082,1.25e-06,1.07,0.0802,0.12,9.85e-07,0.2,827484,833522,154854,160892,827613,5997733.551997,0,0,0,1233
33,0,6,3.951,1.841,1.841,64,1536,32,5.792,N/A,N/A,0.441,2181243.235201,300579,56127,244452,0.387,0.00249,4.55e-07,0.389,0.0188,0.0323,3.5e-07,0.0512,300666,302416,56458,58208,300579,2181243.235201,0,0,0,304
33,1,6,4.009,1.78,1.78,256,1024,128,5.789000000000001,N/A,N/A,1.51,7119514.428793,982361,182526,799835,1.27,0.0122,1.48e-06,1.28,0.094,0.137,1.19e-06,0.231,982232,988273,183529,189570,982361,7119514.428793,0,0,0,1235
33,2,6,4.019,1.77,1.77,256,512,128,5.789,N/A,N/A,1.06,4620880.540802,642401,116990,525411,0.836,0.0154,9.52e-07,0.851,0.088,0.118,8.16e-07,0.206,642272,648312,117992,124032,642401,4620880.540802,0,0,0,681
34,0,6,3.816,1.983,1.983,512,1024,32,5.7989999999999995,N/A,N/A,0.431,2106206.268799,291191,54079,237112,0.376,0.00349,4.39e-07,0.379,0.0201,0.0315,3.42e-07,0.0516,291278,293030,54412,56164,291191,2106206.268799,0,0,0,235
34,1,6,3.666,2.142,2.142,256,64,16,5.808,N/A,N/A,0.102,339998.5856,49184,7756,41428,0.0605,0.00264,6.51e-08,0.0631,0.0169,0.0224,7.97e-08,0.0394,49307,50341,7973,9007,49184,339998.5856,0,0,0,42
35,0,6,4.319,1.454,1.454,1536,512,32,5.773,N/A,N/A,0.544,2723956.24,375685,70463,305222,0.486,0.00321,5.7e-07,0.49,0.02,0.0345,4.24e-07,0.0545,375772,377525,70797,72550,375685,2723956.24,0,0,0,349
35,1,6,3.818,1.981,1.981,64,64,128,5.799,N/A,N/A,0.433,1497690.1536,209181,35070,174111,0.26,0.00838,2.91e-07,0.268,0.0722,0.0923,3.43e-07,0.165,209052,215087,36067,42102,209181,1497690.1536,0,0,0,155
35,2,6,3.739,2.065,2.065,128,64,32,5.804,N/A,N/A,0.126,475982.7552,66625,11071,55554,0.0834,0.00319,9.27e-08,0.0866,0.017,0.0223,1.1e-07,0.0393,66712,68458,11398,13144,66625,475982.7552,0,0,0,55
35,3,6,3.927,1.866,1.866,64,1024,32,5.793,N/A,N/A,0.326,1564731.951999,216390,39743,176647,0.276,0.0025,3.23e-07,0.279,0.0186,0.0288,2.68e-07,0.0474,216477,218226,40073,41822,216390,1564731.951999,0,0,0,179
35,4,6,3.718,2.087,2.087,128,2048,16,5.805,N/A,N/A,0.31,1472419.667199,204027,37452,166575,0.26,0.00216,3.04e-07,0.263,0.0183,0.0291,2.35e-07,0.0474,204150,205188,37673,38711,204027,1472419.667199,0,0,0,179
36,0,6,3.827,1.972,1.972,256,32,128,5.7989999999999995,N/A,N/A,0.602,2280913.827199,321446,55550,265896,0.414,0.0135,4.57e-07,0.427,0.0778,0.0973,4.83e-07,0.175,321317,327353,56548,62584,321446,2280913.827199,0,0,0,274
36,1,6,3.754,2.049,2.049,1024,128,32,5.803,N/A,N/A,0.343,1646496.620799,226567,41791,184776,0.291,0.00305,3.4e-07,0.294,0.0198,0.0292,2.83e-07,0.0489,226654,228404,42122,43872,226567,1646496.620799,0,0,0,187
36,2,6,3.913,1.881,1.881,1024,256,16,5.794,N/A,N/A,0.213,927266.822399,129985,23116,106869,0.164,0.00253,1.89e-07,0.167,0.0191,0.0271,1.66e-07,0.0463,130108,131146,23337,24375,129985,927266.822399,0,0,0,103
36,3,6,4.196,1.584,1.584,256,128,128,5.779999999999999,N/A,N/A,0.707,2765148.246399,383117,67838,315279,0.499,0.0143,5.57e-07,0.513,0.0856,0.108,5.64e-07,0.194,382988,389026,68838,74876,383117,2765148.246399,0,0,0,331
37,0,6,4.066,1.72,1.72,32,2048,128,5.786,N/A,N/A,2.2,10976862.68171,1508306,284926,1223380,1.96,0.00829,2.3e-06,1.96,0.0882,0.151,1.68e-06,0.239,1508177,1514216,285927,291966,1508306,10976862.68171,0,0,0,4423
37,1,6,3.977,1.814,1.814,128,1024,64,5.791,N/A,N/A,0.716,3282640.8128,452155,83287,368868,0.583,0.00704,6.76e-07,0.59,0.0514,0.0746,5.55e-07,0.126,452170,455349,83841,87020,452155,3282640.8128,0,0,0,460
37,2,6,4.138,1.644,1.644,1536,256,64,5.782,N/A,N/A,1.02,4819215.759994,664212,124247,539965,0.866,0.00858,1.01e-06,0.875,0.0572,0.0834,7.94e-07,0.141,664227,667408,124803,127984,664212,4819215.759994,0,0,0,916
37,3,6,3.953,1.839,1.839,256,64,128,5.792,N/A,N/A,0.662,2449935.932799,342581,59646,282935,0.453,0.0183,4.91e-07,0.472,0.0857,0.105,4.75e-07,0.191,342452,348489,60645,66682,342581,2449935.932799,0,0,0,332
38,0,6,4.235,1.542,1.542,2048,2048,64,5.777,N/A,N/A,2.04,10430314.748792,1430852,271703,1159149,1.86,0.006,2.19e-06,1.87,0.0625,0.113,1.58e-06,0.176,1430867,1434051,272262,275446,1430852,10430314.748792,0,0,0,2007
38,1,6,3.976,1.814,1.814,512,512,16,5.79,N/A,N/A,0.181,767225.8304,108246,19020,89226,0.137,0.00276,1.56e-07,0.14,0.017,0.024,1.34e-07,0.0409,108369,109407,19241,20279,108246,767225.8304,0,0,0,86
39,0,6,4.184,1.596,1.596,1536,512,128,5.78,N/A,N/A,2.18,10810312.947201,1487823,280830,1206993,1.93,0.0107,2.27e-06,1.94,0.0882,0.146,1.65e-06,0.234,1487694,1493737,281835,287878,1487823,10810312.947201,0,0,0,3027
39,1,6,3.827,1.972,1.972,128,512,32,5.7989999999999995,N/A,N/A,0.234,1022993.631999,141982,25407,116575,0.184,0.00433,2.08e-07,0.188,0.0194,0.0264,1.9e-07,0.0459,142069,143818,25737,27486,141982,1022993.631999,0,0,0,122
4,0,6,3.831,1.968,1.968,2048,64,128,5.7989999999999995,N/A,N/A,2.22,11145503.17131,1529667,289022,1240645,1.98,0.00778,2.33e-06,1.99,0.087,0.146,1.72e-06,0.233,1529538,1535578,290024,296064,1529667,11145503.17131,0,0,0,5997
4,1,6,4.251,1.526,1.526,1536,2048,32,5.777,N/A,N/A,0.886,4592060.400002,630878,119615,511263,0.818,0.00237,9.67e-07,0.82,0.022,0.0446,6.83e-07,0.0665,630965,632720,119951,121706,630878,4592060.400002,0,0,0,680
4,2,6,4.023,1.765,1.765,256,1536,128,5.787999999999999,N/A,N/A,1.98,9592333.558402,1319970,248062,1071908,1.72,0.0121,2.01e-06,1.73,0.0965,0.151,1.53e-06,0.247,1319841,1325883,249066,255108,1319970,9592333.558402,0,0,0,3805
4,3,6,4.034,1.754,1.754,32,1536,16,5.788,N/A,N/A,0.24,1096356.492799,153008,27724,125284,0.194,0.00216,2.26e-07,0.197,0.0171,0.0262,1.82e-07,0.0433,153131,154167,27943,28979,153008,1096356.492799,0,0,0,143
4,4,6,3.927,1.866,1.866,1536,32,16,5.793,N/A,N/A,0.233,1097129.734399,153006,27724,125282,0.194,0.00212,2.26e-07,0.197,0.0147,0.0221,1.84e-07,0.0368,153129,154165,27943,28979,153006,1097129.734399,0,0,0,140
4,5,6,4.233,1.544,1.544,1024,2048,128,5.776999999999999,N/A,N/A,3.08,15808843.184131,2170696,411902,1758794,2.8,0.00801,3.31e-06,2.81,0.0947,0.174,2.35e-06,0.269,2170567,2176611,412908,418952,2170696,15808843.184131,0,0,0,6666
4,6,6,3.81,1.989,1.989,64,256,128,5.799,N/A,N/A,0.668,2445252.691199,341728,59646,282082,0.452,0.0174,4.91e-07,0.47,0.089,0.109,5.02e-07,0.198,341599,347636,60645,66682,341728,2445252.691199,0,0,0,328
4,7,6,3.937,1.856,1.856,512,1536,16,5.793,N/A,N/A,0.295,1391299.366399,193643,35404,158239,0.247,0.00232,2.87e-07,0.249,0.0178,0.0279,2.23e-07,0.0457,193766,194806,35627,36667,193643,1391299.366399,0,0,0,182
40,0,6,4.003,1.786,1.786,256,512,16,5.789,N/A,N/A,0.152,613537.1808,87235,14924,72311,0.11,0.00291,1.23e-07,0.113,0.0167,0.0228,1.17e-07,0.0395,87358,88395,15144,16181,87235,613537.1808,0,0,0,70
40,1,6,3.992,1.797,1.797,2048,256,32,5.789,N/A,N/A,0.608,3043602.806401,419455,78655,340800,0.544,0.00384,6.37e-07,0.548,0.0223,0.0376,4.74e-07,0.0599,419542,421294,78988,80740,419455,3043602.806401,0,0,0,410
41,0,6,4.138,1.644,1.644,1024,256,64,5.782,N/A,N/A,0.787,3584217.5488,495681,91479,404202,0.644,0.00881,7.43e-07,0.653,0.0561,0.0771,6.23e-07,0.133,495696,498876,92034,95214,495681,3584217.5488,0,0,0,452
42,0,6,4.01,1.779,1.779,1536,64,128,5.789,N/A,N/A,1.76,8636983.552013,1186727,223486,963241,1.54,0.00751,1.81e-06,1.54,0.0816,0.132,1.36e-06,0.213,1186598,1192638,224488,230528,1186727,8636983.552013,0,0,0,2643
43,0,6,4.024,1.764,1.764,1536,512,64,5.788,N/A,N/A,1.12,5429451.023995,747694,140631,607063,0.974,0.00738,1.14e-06,0.981,0.0546,0.0838,8.6e-07,0.138,747709,750891,141188,144370,747694,5429451.023995,0,0,0,879
43,1,6,3.932,1.861,1.861,512,1536,32,5.793,N/A,N/A,0.547,2722732.5664,375452,70463,304989,0.487,0.00343,5.7e-07,0.49,0.0209,0.0359,4.25e-07,0.0567,375539,377292,70797,72550,375452,2722732.5664,0,0,0,364
44,0,6,4.011,1.778,1.778,64,512,32,5.789,N/A,N/A,0.216,940095.375999,130949,23359,107590,0.168,0.00378,1.92e-07,0.172,0.0183,0.0253,1.74e-07,0.0435,131036,132784,23688,25436,130949,940095.375999,0,0,0,111
44,1,6,4.252,1.524,1.524,1024,2048,64,5.776,N/A,N/A,1.57,7939514.623999,1090622,206167,884455,1.42,0.00594,1.67e-06,1.42,0.0575,0.0976,1.23e-06,0.155,1090637,1093820,206725,209908,1090622,7939514.623999,0,0,0,1344
45,0,6,4.183,1.597,1.597,256,512,32,5.779999999999999,N/A,N/A,0.263,1176981.318399,164361,29503,134858,0.212,0.00447,2.41e-07,0.216,0.0197,0.0269,2.16e-07,0.0466,164448,166198,29834,31584,164361,1176981.318399,0,0,0,132
46,0,6,4.148,1.634,1.634,32,1024,64,5.782,N/A,N/A,0.666,3025818.249601,418598,77143,341455,0.54,0.00623,6.26e-07,0.546,0.0493,0.0704,5.26e-07,0.12,418613,421790,77695,80872,418598,3025818.249601,0,0,0,387
46,1,6,3.839,1.959,1.959,64,256,32,5.798,N/A,N/A,0.162,633922.9824,89373,15167,74206,0.114,0.00412,1.26e-07,0.118,0.0193,0.0248,1.41e-07,0.0441,89460,91207,15495,17242,89373,633922.9824,0,0,0,74
46,2,6,3.959,1.833,1.833,32,512,32,5.792,N/A,N/A,0.209,898495.478399,125946,22335,103611,0.162,0.00388,1.83e-07,0.166,0.0181,0.025,1.67e-07,0.0431,126033,127780,22663,24410,125946,898495.478399,0,0,0,106
47,0,6,3.852,1.945,1.945,2048,32,64,5.797,N/A,N/A,1.13,5516055.334395,758829,142679,616150,0.985,0.00649,1.16e-06,0.992,0.0535,0.084,8.71e-07,0.137,758844,762022,143232,146410,758829,5516055.334395,0,0,0,1024
48,0,6,4.262,1.513,1.513,64,1536,128,5.7749999999999995,N/A,N/A,1.76,8636835.910412,1186919,223486,963433,1.54,0.00708,1.81e-06,1.54,0.0829,0.137,1.36e-06,0.22,1186790,1192830,224488,230528,1186919,8636835.910412,0,0,0,2691
49,0,6,4.169,1.611,1.611,1024,1024,64,5.779999999999999,N/A,N/A,1.12,5447351.942402,750407,140631,609776,0.97,0.006,1.14e-06,0.976,0.0554,0.0852,8.77e-07,0.141,750422,753604,141188,144370,750407,5447351.942402,0,0,0,705
5,0,6,3.804,1.996,1.996,32,1024,16,5.8,N/A,N/A,0.183,788117.116799,110840,19532,91308,0.139,0.00216,1.6e-07,0.141,0.017,0.0247,1.42e-07,0.0417,110963,111998,19750,20785,110840,788117.116799,0,0,0,89
5,1,6,3.808,1.991,1.991,128,64,64,5.7989999999999995,N/A,N/A,0.284,928066.3392,127761,21847,105914,0.168,0.00765,1.82e-07,0.176,0.0483,0.0601,2.27e-07,0.108,127776,130951,22397,25572,127761,928066.3392,0,0,0,108
5,2,6,3.954,1.838,1.838,256,1536,32,5.792,N/A,N/A,0.491,2419943.417601,333993,62271,271722,0.432,0.00358,5.05e-07,0.436,0.0212,0.0348,3.93e-07,0.056,334080,335832,62604,64356,333993,2419943.417601,0,0,0,322
5,3,6,3.666,2.142,2.142,64,64,16,5.808,N/A,N/A,0.0718,219108.8928,32292,4684,27608,0.037,0.00194,4.02e-08,0.0389,0.0141,0.0188,5.88e-08,0.0329,32415,33447,4899,5931,32292,219108.8928,0,0,0,28
5,4,6,3.754,2.049,2.049,128,128,32,5.803,N/A,N/A,0.143,557123.0752,76890,13119,63771,0.0984,0.00362,1.09e-07,0.102,0.018,0.0233,1.24e-07,0.0412,76977,78724,13447,15194,76890,557123.0752,0,0,0,64
5,5,6,3.672,2.135,2.135,2048,32,16,5.807,N/A,N/A,0.291,1411363.609599,196145,35916,160229,0.25,0.00211,2.91e-07,0.252,0.0152,0.0241,2.25e-07,0.0393,196268,197304,36135,37171,196145,1411363.609599,0,0,0,176
5,6,6,3.798,2.002,2.002,1536,32,32,5.8,N/A,N/A,0.432,2141727.836801,295688,55103,240585,0.381,0.00261,4.47e-07,0.383,0.0182,0.0304,3.44e-07,0.0487,295775,297524,55433,57182,295688,2141727.836801,0,0,0,288
5,7,6,3.873,1.923,1.923,2048,128,128,5.796,N/A,N/A,2.3,11456268.720105,1570533,297214,1273319,2.04,0.00985,2.4e-06,2.05,0.0912,0.152,1.74e-06,0.243,1570404,1576445,298217,304258,1570533,11456268.720105,0,0,0,4438
50,0,6,4.024,1.764,1.764,2048,512,64,5.788,N/A,N/A,1.35,6685488.163196,919448,173399,746049,1.2,0.00771,1.4e-06,1.2,0.0574,0.0921,1.03e-06,0.15,919463,922645,173956,177138,919448,6685488.163196,0,0,0,1577
50,1,6,3.986,1.804,1.804,256,2048,64,5.79,N/A,N/A,1.25,6079554.524797,836121,157015,679106,1.09,0.0085,1.27e-06,1.1,0.0614,0.0948,9.77e-07,0.156,836136,839317,157571,160752,836121,6079554.524797,0,0,0,1701
50,2,6,4.145,1.637,1.637,64,2048,64,5.782,N/A,N/A,1.15,5596289.785597,769238,144727,624511,0.999,0.00625,1.17e-06,1.0,0.0538,0.0875,8.82e-07,0.141,769253,772432,145281,148460,769238,5596289.785597,0,0,0,1650
51,0,6,4.021,1.768,1.768,1024,2048,16,5.789,N/A,N/A,0.407,2017606.294399,279340,51788,227552,0.357,0.00186,4.19e-07,0.359,0.0181,0.0302,3.15e-07,0.0482,279463,280504,52012,53053,279340,2017606.294399,0,0,0,232
52,0,6,4.196,1.584,1.584,1024,128,128,5.779999999999999,N/A,N/A,1.37,6481851.609596,889420,166142,723278,1.15,0.0101,1.35e-06,1.16,0.0843,0.123,1.06e-06,0.208,889291,895331,167144,173184,889420,6481851.609596,0,0,0,1090
52,1,6,3.976,1.815,1.815,2048,32,32,5.791,N/A,N/A,0.549,2765537.369601,381023,71487,309536,0.492,0.00273,5.79e-07,0.495,0.0195,0.0343,4.26e-07,0.0538,381110,382859,71817,73566,381023,2765537.369601,0,0,0,396
53,0,6,3.913,1.881,1.881,1536,256,16,5.794,N/A,N/A,0.267,1235409.855999,172312,31308,141004,0.22,0.00254,2.55e-07,0.222,0.018,0.027,2.05e-07,0.045,172435,173474,31530,32569,172312,1235409.855999,0,0,0,148
53,1,6,4.196,1.584,1.584,64,128,128,5.779999999999999,N/A,N/A,0.501,1816508.425599,250039,43262,206777,0.318,0.00935,3.58e-07,0.327,0.0758,0.0976,3.91e-07,0.173,249910,255946,44260,50296,250039,1816508.425599,0,0,0,190
54,0,6,3.693,2.113,2.113,512,64,16,5.806,N/A,N/A,0.129,494401.6704,70451,11852,58599,0.0877,0.00247,9.8e-08,0.0901,0.0163,0.0223,9.64e-08,0.0386,70574,71609,12070,13105,70451,494401.6704,0,0,0,56
54,1,6,3.818,1.981,1.981,512,64,128,5.799,N/A,N/A,0.856,3674086.24,508707,92414,416293,0.657,0.0118,7.54e-07,0.669,0.0796,0.108,6.47e-07,0.187,508578,514616,93414,99452,508707,3674086.24,0,0,0,486
55,0,6,4.118,1.665,1.665,128,2048,128,5.783,N/A,N/A,2.31,11467791.020909,1571344,297214,1274130,2.04,0.00969,2.4e-06,2.05,0.0951,0.16,1.76e-06,0.255,1571215,1577256,298217,304258,1571344,11467791.020909,0,0,0,4427
56,0,6,3.906,1.889,1.889,1024,256,128,5.795,N/A,N/A,1.51,7112437.641596,981338,182526,798812,1.27,0.0131,1.48e-06,1.29,0.0918,0.131,1.19e-06,0.223,981209,987250,183529,189570,981338,7112437.641596,0,0,0,1216
56,1,6,3.924,1.869,1.869,1024,128,64,5.793,N/A,N/A,0.717,3266383.9712,449532,83287,366245,0.584,0.00707,6.76e-07,0.591,0.0526,0.0736,5.61e-07,0.126,449547,452726,83841,87020,449532,3266383.9712,0,0,0,426
57,0,6,4.003,1.786,1.786,1536,512,16,5.789,N/A,N/A,0.296,1390777.615999,193701,35404,158297,0.247,0.00231,2.87e-07,0.249,0.0184,0.0286,2.22e-07,0.047,193824,194864,35627,36667,193701,1390777.615999,0,0,0,162
57,1,6,4.029,1.758,1.758,1024,1536,32,5.787,N/A,N/A,0.657,3350041.7056,460788,86847,373941,0.596,0.00246,7.02e-07,0.598,0.0209,0.038,5.2e-07,0.0589,460875,462629,87182,88936,460788,3350041.7056,0,0,0,416
58,0,6,4.24,1.537,1.537,1536,2048,128,5.777,N/A,N/A,3.53,18285136.896132,2508175,477438,2030737,3.24,0.00739,3.83e-06,3.25,0.0975,0.188,2.7e-06,0.286,2508046,2514091,478445,484490,2508175,18285136.896132,0,0,0,7006
59,0,6,3.924,1.869,1.869,1024,1024,16,5.793,N/A,N/A,0.293,1391027.855999,193457,35404,158053,0.246,0.00188,2.87e-07,0.248,0.0177,0.0275,2.25e-07,0.0452,193580,194620,35627,36667,193457,1391027.855999,0,0,0,143
6,0,6,3.818,1.981,1.981,32,64,128,5.799,N/A,N/A,0.392,1335216.8288,188523,30974,157549,0.232,0.00836,2.58e-07,0.24,0.0668,0.0854,3.18e-07,0.152,188394,194428,31970,38004,188523,1335216.8288,0,0,0,137
6,1,6,4.143,1.639,1.639,512,1024,16,5.782,N/A,N/A,0.237,1080555.087999,151129,27212,123917,0.191,0.00236,2.22e-07,0.194,0.0175,0.0259,1.8e-07,0.0434,151252,152291,27434,28473,151129,1080555.087999,0,0,0,119
6,2,6,4.029,1.758,1.758,2048,1536,32,5.787,N/A,N/A,0.888,4593140.185602,630822,119615,511207,0.818,0.00245,9.67e-07,0.821,0.0224,0.0448,6.89e-07,0.0672,630909,632664,119951,121706,630822,4593140.185602,0,0,0,661
6,3,6,4.094,1.69,1.69,256,2048,128,5.784000000000001,N/A,N/A,2.44,12092732.889713,1663075,313598,1349477,2.16,0.0128,2.54e-06,2.18,0.0991,0.165,1.85e-06,0.265,1662946,1668988,314602,320644,1663075,12092732.889713,0,0,0,6218
6,4,6,3.679,2.128,2.128,256,32,16,5.807,N/A,N/A,0.0981,318701.9104,46545,7244,39301,0.0575,0.00281,6.1e-08,0.0603,0.0164,0.0214,7.57e-08,0.0378,46668,47701,7460,8493,46545,318701.9104,0,0,0,41
6,5,6,3.908,1.887,1.887,512,1536,128,5.795,N/A,N/A,2.19,10816269.910394,1486871,280830,1206041,1.94,0.0115,2.27e-06,1.95,0.0933,0.154,1.66e-06,0.247,1486742,1492785,281835,287878,1486871,10816269.910394,0,0,0,4052
6,6,6,3.931,1.862,1.862,2048,1024,128,5.793,N/A,N/A,3.08,15827637.459305,2171765,411902,1759863,2.8,0.00793,3.31e-06,2.81,0.099,0.176,2.4e-06,0.275,2171636,2177680,412908,418952,2171765,15827637.459305,0,0,0,6625
6,7,6,3.675,2.132,2.132,128,64,16,5.807,N/A,N/A,0.0843,260090.6976,37632,5708,31924,0.0456,0.00228,4.85e-08,0.0478,0.0157,0.0208,6.48e-08,0.0365,37755,38788,5924,6957,37632,260090.6976,0,0,0,36
60,0,6,3.962,1.83,1.83,512,1536,64,5.792,N/A,N/A,1.13,5431037.545596,747519,140631,606888,0.975,0.00791,1.14e-06,0.983,0.0568,0.0883,8.6e-07,0.145,747534,750716,141188,144370,747519,5431037.545596,0,0,0,920
60,1,6,3.906,1.889,1.889,512,256,128,5.795,N/A,N/A,1.07,4625473.696002,642285,116990,525295,0.839,0.0168,9.53e-07,0.856,0.0917,0.121,8.16e-07,0.213,642156,648196,117992,124032,642285,4625473.696002,0,0,0,673
61,0,6,4.319,1.454,1.454,1536,1536,128,5.773,N/A,N/A,3.07,15777621.99041,2165003,411902,1753101,2.8,0.00722,3.31e-06,2.81,0.0928,0.173,2.36e-06,0.266,2164874,2170919,412909,418954,2165003,15777621.99041,0,0,0,5296
62,0,6,3.939,1.854,1.854,1024,32,128,5.793,N/A,N/A,1.27,5999350.102397,827869,153854,674015,1.07,0.00869,1.25e-06,1.08,0.0782,0.115,9.86e-07,0.194,827740,833778,154854,160892,827869,5999350.102397,0,0,0,1052
63,0,6,3.818,1.981,1.981,128,64,128,5.799,N/A,N/A,0.498,1785219.667199,244762,42914,201848,0.316,0.0094,3.54e-07,0.325,0.0756,0.0973,3.75e-07,0.173,244633,250669,43912,49948,244762,1785219.667199,0,0,0,186
63,1,6,4.196,1.584,1.584,512,128,128,5.779999999999999,N/A,N/A,0.927,3965373.1072,545350,100258,445092,0.716,0.0138,8.16e-07,0.73,0.0844,0.113,6.83e-07,0.197,545221,551260,101259,107298,545350,3965373.1072,0,0,0,527
64,0,6,4.077,1.709,1.709,1536,2048,16,5.786,N/A,N/A,0.465,2327340.854399,321744,59968,261776,0.412,0.00182,4.85e-07,0.414,0.0184,0.0322,3.55e-07,0.0506,321867,322909,60193,61235,321744,2327340.854399,0,0,0,280
64,1,6,4.466,1.299,1.299,1024,1536,128,5.765000000000001,N/A,N/A,2.61,13260255.136009,1820412,346018,1474394,2.36,0.00773,2.79e-06,2.37,0.0878,0.156,2e-06,0.244,1820283,1826327,347024,353068,1820412,13260255.136009,0,0,0,3803
65,0,6,3.787,2.013,2.013,32,256,64,5.8,N/A,N/A,0.333,1150747.407999,161779,27835,133944,0.213,0.00895,2.3e-07,0.222,0.0499,0.0615,2.68e-07,0.111,161794,164969,28385,31560,161779,1150747.407999,0,0,0,134
66,0,6,3.798,2.002,2.002,256,1024,32,5.8,N/A,N/A,0.378,1798129.548799,248998,45827,203171,0.321,0.00367,3.72e-07,0.324,0.0214,0.0318,3.09e-07,0.0532,249085,250836,46159,47910,248998,1798129.548799,0,0,0,203
67,0,6,3.616,2.193,2.193,32,32,128,5.809,N/A,N/A,0.364,1142861.0944,163137,26530,136607,0.204,0.00897,2.21e-07,0.213,0.0669,0.0844,2.83e-07,0.151,163008,169041,27525,33558,163137,1142861.0944,0,0,0,110
68,0,6,3.774,2.028,2.028,64,512,16,5.802,N/A,N/A,0.131,494284.0576,70412,11840,58572,0.0881,0.00263,9.79e-08,0.0907,0.0168,0.023,9.68e-08,0.0399,70535,71570,12058,13093,70412,494284.0576,0,0,0,57
69,0,6,3.991,1.799,1.799,64,1024,128,5.79,N/A,N/A,1.3,6127855.849597,842120,157602,684518,1.09,0.00722,1.28e-06,1.1,0.0813,0.123,1e-06,0.204,841991,848030,158603,164642,842120,6127855.849597,0,0,0,1030
7,0,6,3.771,2.03,2.03,512,32,64,5.801,N/A,N/A,0.445,1775511.606399,247267,44375,202892,0.323,0.00841,3.63e-07,0.331,0.0494,0.0642,3.37e-07,0.114,247282,250458,44926,48102,247267,1775511.606399,0,0,0,225
7,1,6,3.735,2.069,2.069,256,2048,16,5.804,N/A,N/A,0.327,1550803.593599,215505,39500,176005,0.275,0.00251,3.2e-07,0.278,0.0192,0.03,2.5e-07,0.0491,215628,216667,39722,40761,215505,1550803.593599,0,0,0,196
7,2,6,3.891,1.904,1.904,32,512,128,5.795,N/A,N/A,0.833,3503503.888,487964,88318,399646,0.635,0.0136,7.21e-07,0.648,0.0788,0.106,6.2e-07,0.184,487835,493872,89317,95354,487964,3503503.888,0,0,0,510
7,3,6,4.319,1.454,1.454,512,512,32,5.773,N/A,N/A,0.318,1479894.335999,205842,37695,168147,0.267,0.00432,3.07e-07,0.271,0.0189,0.0276,2.45e-07,0.0466,205929,207680,38027,39778,205842,1479894.335999,0,0,0,171
7,4,6,3.917,1.876,1.876,256,1024,16,5.792999999999999,N/A,N/A,0.211,926014.371199,129956,23116,106840,0.164,0.00252,1.89e-07,0.167,0.018,0.0258,1.64e-07,0.0438,130079,131117,23337,24375,129956,926014.371199,0,0,0,101
7,5,6,3.777,2.024,2.024,32,128,32,5.801,N/A,N/A,0.118,435929.3408,61304,10047,51257,0.0767,0.00328,8.44e-08,0.08,0.0165,0.0213,1.05e-07,0.0378,61391,63136,10373,12118,61304,435929.3408,0,0,0,51
7,6,6,4.156,1.625,1.625,64,1024,64,5.781,N/A,N/A,0.683,3106435.568001,428443,79191,349252,0.554,0.00632,6.43e-07,0.56,0.0506,0.0723,5.39e-07,0.123,428458,431636,79744,82922,428443,3106435.568001,0,0,0,392
70,0,6,4.164,1.617,1.617,128,256,64,5.781,N/A,N/A,0.383,1388565.494399,192279,33979,158300,0.256,0.00979,2.8e-07,0.266,0.0521,0.0645,3.04e-07,0.117,192294,195471,34531,37708,192279,1388565.494399,0,0,0,163
71,0,6,3.926,1.868,1.868,128,512,128,5.7940000000000005,N/A,N/A,0.939,3963715.2672,545762,100258,445504,0.72,0.0151,8.16e-07,0.735,0.0873,0.117,6.79e-07,0.204,545633,551672,101259,107298,545762,3963715.2672,0,0,0,543
72,0,6,4.196,1.584,1.584,128,128,128,5.779999999999999,N/A,N/A,0.568,2106585.382399,286193,51106,235087,0.378,0.0119,4.2e-07,0.39,0.0783,0.0998,4.27e-07,0.178,286064,292101,52105,58142,286193,2106585.382399,0,0,0,222
72,1,6,3.656,2.152,2.152,32,128,16,5.808,N/A,N/A,0.081,239103.0688,34857,5184,29673,0.0426,0.0025,4.43e-08,0.0451,0.0156,0.0204,6.1e-08,0.0359,34980,36012,5399,6431,34857,239103.0688,0,0,0,31
73,0,6,3.758,2.044,2.044,256,32,32,5.802,N/A,N/A,0.151,590181.0304,83652,14083,69569,0.106,0.0039,1.17e-07,0.11,0.0179,0.0228,1.35e-07,0.0407,83739,85485,14410,16156,83652,590181.0304,0,0,0,65
74,0,6,4.138,1.644,1.644,256,256,64,5.782,N/A,N/A,0.453,1707586.460799,238793,42171,196622,0.317,0.0113,3.46e-07,0.328,0.0561,0.0686,3.64e-07,0.125,238808,241986,42724,45902,238793,1707586.460799,0,0,0,202
75,0,6,4.24,1.537,1.537,2048,2048,128,5.777,N/A,N/A,3.98,20758235.043442,2846895,542626,2304269,3.68,0.00785,4.37e-06,3.68,0.102,0.203,3.02e-06,0.305,2846766,2852811,543633,549678,2846895,20758235.043442,0,0,0,8600
8,0,6,4.068,1.717,1.717,128,2048,32,5.785,N/A,N/A,0.576,2890350.825601,396756,74559,322197,0.514,0.00294,6.03e-07,0.516,0.0217,0.0377,4.54e-07,0.0595,396843,398594,74891,76642,396756,2890350.825601,0,0,0,420
8,1,6,4.063,1.723,1.723,64,2048,128,5.786,N/A,N/A,2.23,11142976.998508,1528986,289022,1239964,1.98,0.0073,2.34e-06,1.99,0.0885,0.152,1.71e-06,0.241,1528857,1534897,290024,296064,1528986,11142976.998508,0,0,0,4759
8,2,6,4.031,1.757,1.757,1024,512,128,5.787999999999999,N/A,N/A,1.72,8348373.001594,1150512,215294,935218,1.49,0.0113,1.74e-06,1.5,0.0874,0.133,1.33e-06,0.221,1150383,1156425,216298,222340,1150512,8348373.001594,0,0,0,1552
8,3,6,3.913,1.881,1.881,256,256,16,5.794,N/A,N/A,0.128,458146.8992,65852,10828,55024,0.0829,0.00323,9e-08,0.0861,0.0181,0.0235,9.94e-08,0.0416,65975,67011,11047,12083,65852,458146.8992,0,0,0,62
8,4,6,3.835,1.963,1.963,128,32,128,5.798,N/A,N/A,0.471,1651246.175999,229272,39166,190106,0.293,0.0103,3.25e-07,0.303,0.0739,0.0942,3.61e-07,0.168,229143,235178,40163,46198,229272,1651246.175999,0,0,0,193
8,5,6,3.704,2.101,2.101,256,32,64,5.805,N/A,N/A,0.335,1163844.969599,163774,27991,135783,0.214,0.00884,2.32e-07,0.223,0.0504,0.0623,2.75e-07,0.113,163789,166964,28541,31716,163774,1163844.969599,0,0,0,153
8,6,6,3.914,1.88,1.88,2048,128,64,5.7940000000000005,N/A,N/A,1.18,5754484.006397,789944,148823,641121,1.03,0.00727,1.21e-06,1.04,0.0563,0.0884,8.98e-07,0.145,789959,793139,149378,152558,789944,5754484.006397,0,0,0,1179
8,7,6,4.179,1.601,1.601,256,128,16,5.78,N/A,N/A,0.111,380268.4576,54381,8780,45601,0.068,0.00284,7.35e-08,0.0709,0.0175,0.0231,8.6e-08,0.0406,54504,55539,8998,10033,54381,380268.4576,0,0,0,51
9,0,6,3.916,1.878,1.878,1024,512,16,5.794,N/A,N/A,0.237,1081068.079999,151138,27212,123926,0.191,0.0023,2.21e-07,0.194,0.0174,0.0258,1.81e-07,0.0432,151261,152300,27434,28473,151138,1081068.079999,0,0,0,120
9,1,6,3.913,1.881,1.881,2048,256,16,5.794,N/A,N/A,0.325,1550553.353599,215395,39500,175895,0.275,0.00252,3.2e-07,0.278,0.0186,0.0289,2.48e-07,0.0475,215518,216557,39722,40761,215395,1550553.353599,0,0,0,197
9,2,6,4.075,1.711,1.711,128,1024,128,5.7860000000000005,N/A,N/A,1.38,6496062.739196,892520,166142,726378,1.15,0.00949,1.35e-06,1.16,0.0874,0.129,1.07e-06,0.216,892391,898431,167144,173184,892520,6496062.739196,0,0,0,1378
9,3,6,4.003,1.786,1.786,2048,512,16,5.789,N/A,N/A,0.355,1706208.889599,236851,43596,193255,0.302,0.0023,3.53e-07,0.305,0.0192,0.0307,2.67e-07,0.0499,236974,238014,43819,44859,236851,1706208.889599,0,0,0,213
9,4,6,3.988,1.802,1.802,512,2048,64,5.79,N/A,N/A,1.36,6688394.700795,919312,173399,745913,1.2,0.00801,1.4e-06,1.21,0.0595,0.0963,1.03e-06,0.156,919327,922509,173956,177138,919312,6688394.700795,0,0,0,1549
9,5,6,3.81,1.989,1.989,32,64,64,5.799,N/A,N/A,0.232,687359.232,97170,15703,81467,0.125,0.00691,1.32e-07,0.132,0.0448,0.0558,1.89e-07,0.101,97185,100358,16251,19424,97170,687359.232,0,0,0,84
9,6,6,3.983,1.808,1.808,64,1536,64,5.791,N/A,N/A,0.911,4343147.923196,596900,111959,484941,0.776,0.00617,9.07e-07,0.782,0.051,0.0783,7.13e-07,0.129,596915,600094,112513,115692,596900,4343147.923196,0,0,0,908
