Trial Number,Iteration Number,Clock Period (ns) Entered,Clock_Min_Period,Clock Slack (ns),Clock_Worst_Slack,Wmem Depth,Cache Depth,MAC NUM,Total Period (ns),ABC Max Fanout,ABC Map Effort,SYNTH_HIERARCHICAL,Power (W),Area (um^2),Total Cells,Sequential Cells,Combinational Cells,Sequential_Internal,Sequential_Switching,Sequential_Leakage,Sequential_Total,Combinational_Internal,Combinational_Switching,Combinational_Leakage,Combinational_Total,Num_Wires,Num_Wire_Bits,Num_Public_Wires,Num_Public_Wire_Bits,Num_Cells,Chip_Area,Num_Memories,Num_Memory_Bits,Num_Processes,Total Time(s)
1,0,5,3.81,0.989,0.989,64,64,4,4.799,40,0.5,True,0.0207,316258.3808,20888,2053,18835,0.0174,3.76e-06,2.74e-08,0.0174,2.51e-05,5.01e-05,2.52e-08,7.52e-05,21065,23500,2699,5134,20888,316258.3808,0,0,0,19
10,1,6,3.849,1.948,1.948,64,64,16,5.797000000000001,40,0.5,True,0.0387,963052.6496,39117,3953,35164,0.0276,3.87e-06,5.17e-08,0.0276,2.49e-05,4.95e-05,5.25e-08,7.45e-05,39262,46313,5556,12607,39117,963052.6496,0,0,0,28
100,2,4,3.94,-0.147,-0.147,128,128,8,3.793,40,0.5,True,0.037,533809.5936,27527,2723,24804,0.0287,4.93e-06,3.6e-08,0.0287,3.12e-05,6.29e-05,3.04e-08,9.41e-05,27692,31681,3749,7738,27527,533809.5936,0,0,0,23
101,3,5,3.94,0.853,0.853,128,128,8,4.793,40,0.5,True,0.0296,533809.5936,27527,2723,24804,0.0229,4.93e-06,3.6e-08,0.0229,3.12e-05,6.29e-05,3.04e-08,9.41e-05,27692,31681,3749,7738,27527,533809.5936,0,0,0,22
102,4,6,3.94,1.853,1.853,128,128,8,5.793,40,0.5,True,0.0246,533809.5936,27527,2723,24804,0.0191,2.49e-06,3.6e-08,0.0191,1.64e-05,3.31e-05,4.28e-08,4.96e-05,27692,31681,3749,7738,27527,533809.5936,0,0,0,22
103,5,7,3.94,2.853,2.853,128,128,8,6.793,40,0.5,True,0.0211,533809.5936,27527,2723,24804,0.0164,2.49e-06,3.6e-08,0.0164,1.64e-05,3.31e-05,4.28e-08,4.96e-05,27692,31681,3749,7738,27527,533809.5936,0,0,0,23
104,6,4,3.864,-0.067,-0.067,128,128,16,3.7969999999999997,40,0.5,True,0.0581,970562.352,41081,3963,37118,0.0415,7.17e-06,5.19e-08,0.0415,4.71e-05,9.29e-05,4.13e-08,0.00014,41225,48286,5695,12756,41081,970562.352,0,0,0,28
105,7,5,3.864,0.933,0.933,128,128,16,4.797,40,0.5,True,0.0465,970562.352,41081,3963,37118,0.0332,7.17e-06,5.19e-08,0.0332,4.71e-05,9.29e-05,4.13e-08,0.00014,41225,48286,5695,12756,41081,970562.352,0,0,0,30
106,8,6,3.864,1.933,1.933,128,128,16,5.797,40,0.5,True,0.0387,970562.352,41081,3963,37118,0.0277,3.93e-06,5.19e-08,0.0277,2.63e-05,5.16e-05,5.44e-08,7.79e-05,41225,48286,5695,12756,41081,970562.352,0,0,0,29
107,9,7,3.864,2.933,2.933,128,128,16,6.797,40,0.5,True,0.0332,970562.352,41081,3963,37118,0.0237,3.93e-06,5.19e-08,0.0237,2.63e-05,5.16e-05,5.44e-08,7.79e-05,41225,48286,5695,12756,41081,970562.352,0,0,0,29
108,10,4,3.923,-0.129,-0.129,128,128,32,3.794,40,0.5,True,0.1,1828375.3184,64695,6440,58255,0.0672,1.11e-05,8.36e-08,0.0672,7.09e-05,0.000139,5.95e-08,0.00021,64798,77987,9582,22771,64695,1828375.3184,0,0,0,40
109,11,5,3.923,0.871,0.871,128,128,32,4.7940000000000005,40,0.5,True,0.0803,1828375.3184,64695,6440,58255,0.0537,1.11e-05,8.36e-08,0.0538,7.09e-05,0.000139,5.95e-08,0.00021,64798,77987,9582,22771,64695,1828375.3184,0,0,0,40
11,12,7,3.849,2.948,2.948,64,64,16,6.797000000000001,40,0.5,True,0.0332,963052.6496,39117,3953,35164,0.0237,3.87e-06,5.17e-08,0.0237,2.49e-05,4.95e-05,5.25e-08,7.45e-05,39262,46313,5556,12607,39117,963052.6496,0,0,0,28
110,13,6,3.923,1.871,1.871,128,128,32,5.7940000000000005,40,0.5,True,0.0669,1828375.3184,64695,6440,58255,0.0448,6.48e-06,8.36e-08,0.0448,4.15e-05,8.11e-05,7.38e-08,0.000123,64798,77987,9582,22771,64695,1828375.3184,0,0,0,39
111,14,7,3.923,2.871,2.871,128,128,32,6.7940000000000005,40,0.5,True,0.0574,1828375.3184,64695,6440,58255,0.0384,6.48e-06,8.36e-08,0.0384,4.15e-05,8.11e-05,7.38e-08,0.000123,64798,77987,9582,22771,64695,1828375.3184,0,0,0,39
112,15,4,3.81,-0.011,-0.011,256,128,4,3.799,40,0.5,True,0.0281,403946.888,21068,2067,19001,0.0218,3.79e-06,2.76e-08,0.0218,2.51e-05,5.08e-05,2.54e-08,7.58e-05,21275,23722,2772,5219,21068,403946.888,0,0,0,21
113,16,5,3.81,0.989,0.989,256,128,4,4.799,40,0.5,True,0.0225,403946.888,21068,2067,19001,0.0175,3.79e-06,2.76e-08,0.0175,2.51e-05,5.08e-05,2.54e-08,7.58e-05,21275,23722,2772,5219,21068,403946.888,0,0,0,20
114,17,6,3.81,1.989,1.989,256,128,4,5.799,40,0.5,True,0.0187,403946.888,21068,2067,19001,0.0146,1.78e-06,2.75e-08,0.0146,1.26e-05,2.57e-05,3.69e-08,3.83e-05,21275,23722,2772,5219,21068,403946.888,0,0,0,20
115,18,7,3.825,2.974,2.974,256,128,4,6.799,40,0.5,True,0.0161,403946.888,21068,2067,19001,0.0125,1.78e-06,2.75e-08,0.0125,1.26e-05,2.57e-05,3.69e-08,3.83e-05,21275,23722,2772,5219,21068,403946.888,0,0,0,21
116,19,4,3.872,-0.076,-0.076,256,128,8,3.796,40,0.5,True,0.0411,708784.9728,27538,2725,24813,0.0287,4.84e-06,3.6e-08,0.0287,3.17e-05,6.37e-05,3.08e-08,9.54e-05,27765,31756,3793,7784,27538,708784.9728,0,0,0,22
117,20,5,3.872,0.924,0.924,256,128,8,4.796,40,0.5,True,0.0329,708784.9728,27538,2725,24813,0.0229,4.84e-06,3.6e-08,0.0229,3.17e-05,6.37e-05,3.08e-08,9.54e-05,27765,31756,3793,7784,27538,708784.9728,0,0,0,23
118,21,6,3.872,1.924,1.924,256,128,8,5.795999999999999,40,0.5,True,0.0274,708784.9728,27538,2725,24813,0.0191,2.46e-06,3.6e-08,0.0191,1.68e-05,3.39e-05,4.28e-08,5.07e-05,27765,31756,3793,7784,27538,708784.9728,0,0,0,24
119,22,7,3.872,2.924,2.924,256,128,8,6.795999999999999,40,0.5,True,0.0235,708784.9728,27538,2725,24813,0.0164,2.46e-06,3.6e-08,0.0164,1.68e-05,3.39e-05,4.28e-08,5.07e-05,27765,31756,3793,7784,27538,708784.9728,0,0,0,22
12,23,4,4.01,-0.221,-0.221,64,64,32,3.7889999999999997,40,0.5,True,0.1,1823322.9728,64752,6430,58322,0.0671,1.09e-05,8.35e-08,0.0671,6.91e-05,0.000135,5.94e-08,0.000204,64856,78035,9567,22746,64752,1823322.9728,0,0,0,40
120,24,4,3.864,-0.067,-0.067,256,128,16,3.7969999999999997,40,0.5,True,0.0664,1318075.7728,41223,3965,37258,0.0415,7.13e-06,5.19e-08,0.0415,4.69e-05,9.26e-05,4.13e-08,0.00014,41491,48554,5829,12892,41223,1318075.7728,0,0,0,31
121,25,5,3.864,0.933,0.933,256,128,16,4.797,40,0.5,True,0.0531,1318075.7728,41223,3965,37258,0.0332,7.13e-06,5.19e-08,0.0332,4.69e-05,9.26e-05,4.13e-08,0.00014,41491,48554,5829,12892,41223,1318075.7728,0,0,0,30
122,26,6,3.864,1.933,1.933,256,128,16,5.797,40,0.5,True,0.0443,1318075.7728,41223,3965,37258,0.0277,3.92e-06,5.19e-08,0.0277,2.62e-05,5.15e-05,5.38e-08,7.77e-05,41491,48554,5829,12892,41223,1318075.7728,0,0,0,29
123,27,7,3.864,2.933,2.933,256,128,16,6.797,40,0.5,True,0.038,1318075.7728,41223,3965,37258,0.0237,3.92e-06,5.19e-08,0.0237,2.62e-05,5.15e-05,5.38e-08,7.77e-05,41491,48554,5829,12892,41223,1318075.7728,0,0,0,31
124,28,4,3.964,-0.172,-0.172,256,128,32,3.792,40,0.5,True,0.117,2522832.864,65046,6442,58604,0.0672,1.11e-05,8.37e-08,0.0672,7.03e-05,0.000138,5.95e-08,0.000209,65397,78588,9844,23035,65046,2522832.864,0,0,0,40
125,29,5,4.154,0.628,0.628,256,128,32,4.782,40,0.5,True,0.0935,2522832.864,65046,6442,58604,0.0538,1.11e-05,8.37e-08,0.0538,7.03e-05,0.000138,5.95e-08,0.000209,65397,78588,9844,23035,65046,2522832.864,0,0,0,41
126,30,6,4.344,1.428,1.428,256,128,32,5.772,40,0.5,True,0.0779,2522832.864,65046,6442,58604,0.0448,6.46e-06,8.37e-08,0.0448,4.12e-05,8.08e-05,7.38e-08,0.000122,65397,78588,9844,23035,65046,2522832.864,0,0,0,41
127,31,7,4.534,2.228,2.228,256,128,32,6.7620000000000005,40,0.5,True,0.0669,2522832.864,65046,6442,58604,0.0384,6.46e-06,8.37e-08,0.0384,4.12e-05,8.08e-05,7.38e-08,0.000122,65397,78588,9844,23035,65046,2522832.864,0,0,0,41
128,32,4,3.817,-0.018,-0.018,512,128,4,3.7990000000000004,40,0.5,True,0.0308,230847.0576,21049,2069,18980,0.0219,3.88e-06,2.76e-08,0.0219,2.54e-05,5.05e-05,2.52e-08,7.59e-05,21225,23674,2742,5191,21049,230847.0576,0,0,0,19
129,33,5,3.817,0.982,0.982,512,128,4,4.799,40,0.5,True,0.0247,230847.0576,21049,2069,18980,0.0175,3.88e-06,2.76e-08,0.0175,2.54e-05,5.05e-05,2.52e-08,7.59e-05,21225,23674,2742,5191,21049,230847.0576,0,0,0,20
13,34,5,4.01,0.779,0.779,64,64,32,4.789,40,0.5,True,0.0802,1823322.9728,64752,6430,58322,0.0537,1.09e-05,8.35e-08,0.0537,6.91e-05,0.000135,5.94e-08,0.000204,64856,78035,9567,22746,64752,1823322.9728,0,0,0,40
130,35,6,3.817,1.982,1.982,512,128,4,5.799,40,0.5,True,0.0205,230847.0576,21049,2069,18980,0.0146,1.79e-06,2.76e-08,0.0146,1.27e-05,2.56e-05,3.68e-08,3.83e-05,21225,23674,2742,5191,21049,230847.0576,0,0,0,20
131,36,7,3.817,2.982,2.982,512,128,4,6.799,40,0.5,True,0.0176,230847.0576,21049,2069,18980,0.0125,1.79e-06,2.76e-08,0.0125,1.27e-05,2.56e-05,3.68e-08,3.83e-05,21225,23674,2742,5191,21049,230847.0576,0,0,0,20
132,37,4,3.876,-0.08,-0.08,512,128,8,3.796,40,0.5,True,0.0465,361970.9728,27567,2727,24840,0.0287,4.97e-06,3.6e-08,0.0287,3.18e-05,6.38e-05,3.08e-08,9.56e-05,27732,31725,3751,7744,27567,361970.9728,0,0,0,24
133,38,5,3.876,0.92,0.92,512,128,8,4.796,40,0.5,True,0.0373,361970.9728,27567,2727,24840,0.023,4.97e-06,3.6e-08,0.023,3.18e-05,6.38e-05,3.08e-08,9.56e-05,27732,31725,3751,7744,27567,361970.9728,0,0,0,22
134,39,6,3.876,1.92,1.92,512,128,8,5.795999999999999,40,0.5,True,0.031,361970.9728,27567,2727,24840,0.0191,2.52e-06,3.6e-08,0.0191,1.68e-05,3.39e-05,4.3e-08,5.07e-05,27732,31725,3751,7744,27567,361970.9728,0,0,0,23
135,40,7,3.876,2.92,2.92,512,128,8,6.795999999999999,40,0.5,True,0.0266,361970.9728,27567,2727,24840,0.0164,2.52e-06,3.6e-08,0.0164,1.68e-05,3.39e-05,4.3e-08,5.07e-05,27732,31725,3751,7744,27567,361970.9728,0,0,0,24
136,41,4,3.849,-0.052,-0.052,512,128,16,3.797,40,0.5,True,0.0771,623364.2336,40988,3967,37021,0.0416,7.1e-06,5.19e-08,0.0416,4.48e-05,8.8e-05,4.08e-08,0.000133,41132,48197,5703,12768,40988,623364.2336,0,0,0,30
137,42,5,3.849,0.948,0.948,512,128,16,4.797000000000001,40,0.5,True,0.0618,623364.2336,40988,3967,37021,0.0332,7.1e-06,5.19e-08,0.0333,4.48e-05,8.8e-05,4.08e-08,0.000133,41132,48197,5703,12768,40988,623364.2336,0,0,0,30
138,43,6,3.849,1.948,1.948,512,128,16,5.797000000000001,40,0.5,True,0.0515,623364.2336,40988,3967,37021,0.0277,3.93e-06,5.19e-08,0.0277,2.6e-05,5.13e-05,5.3e-08,7.73e-05,41132,48197,5703,12768,40988,623364.2336,0,0,0,30
139,44,7,3.849,2.948,2.948,512,128,16,6.797000000000001,40,0.5,True,0.0442,623364.2336,40988,3967,37021,0.0237,3.93e-06,5.19e-08,0.0237,2.6e-05,5.13e-05,5.3e-08,7.73e-05,41132,48197,5703,12768,40988,623364.2336,0,0,0,30
14,45,6,4.01,1.779,1.779,64,64,32,5.789,40,0.5,True,0.0668,1823322.9728,64752,6430,58322,0.0447,6.39e-06,8.35e-08,0.0447,4.02e-05,7.9e-05,7.43e-08,0.000119,64856,78035,9567,22746,64752,1823322.9728,0,0,0,40
140,46,4,4.01,-0.221,-0.221,512,128,32,3.7889999999999997,40,0.5,True,0.138,1134424.5088,64747,6444,58303,0.0672,1.11e-05,8.37e-08,0.0672,7.07e-05,0.000139,5.92e-08,0.000209,64850,78043,9590,22783,64747,1134424.5088,0,0,0,41
141,47,5,4.01,0.779,0.779,512,128,32,4.789,40,0.5,True,0.111,1134424.5088,64747,6444,58303,0.0538,1.11e-05,8.37e-08,0.0538,7.07e-05,0.000139,5.92e-08,0.000209,64850,78043,9590,22783,64747,1134424.5088,0,0,0,41
142,48,6,4.01,1.779,1.779,512,128,32,5.789,40,0.5,True,0.0923,1134424.5088,64747,6444,58303,0.0448,6.46e-06,8.37e-08,0.0448,4.13e-05,8.08e-05,7.38e-08,0.000122,64850,78043,9590,22783,64747,1134424.5088,0,0,0,40
143,49,7,4.01,2.779,2.779,512,128,32,6.789,40,0.5,True,0.0792,1134424.5088,64747,6444,58303,0.0384,6.46e-06,8.37e-08,0.0384,4.13e-05,8.08e-05,7.38e-08,0.000122,64850,78043,9590,22783,64747,1134424.5088,0,0,0,41
144,50,4,3.817,-0.018,-0.018,1024,128,4,3.7990000000000004,40,0.5,True,0.0376,230621.8416,21125,2071,19054,0.0219,3.82e-06,2.76e-08,0.0219,2.51e-05,5.01e-05,2.5e-08,7.53e-05,21332,23783,2780,5231,21125,230621.8416,0,0,0,20
145,51,5,3.817,0.982,0.982,1024,128,4,4.799,40,0.5,True,0.0301,230621.8416,21125,2071,19054,0.0175,3.82e-06,2.76e-08,0.0175,2.51e-05,5.01e-05,2.5e-08,7.53e-05,21332,23783,2780,5231,21125,230621.8416,0,0,0,20
146,52,6,3.817,1.982,1.982,1024,128,4,5.799,40,0.5,True,0.0251,230621.8416,21125,2071,19054,0.0146,1.78e-06,2.76e-08,0.0146,1.25e-05,2.53e-05,3.67e-08,3.79e-05,21332,23783,2780,5231,21125,230621.8416,0,0,0,20
147,53,7,3.832,2.966,2.966,1024,128,4,6.798,40,0.5,True,0.0215,230621.8416,21125,2071,19054,0.0125,1.78e-06,2.76e-08,0.0125,1.25e-05,2.53e-05,3.67e-08,3.79e-05,21332,23783,2780,5231,21125,230621.8416,0,0,0,21
148,54,4,3.94,-0.147,-0.147,1024,128,8,3.793,40,0.5,True,0.0602,360378.1952,27480,2729,24751,0.0287,4.87e-06,3.61e-08,0.0287,3.1e-05,6.25e-05,3.02e-08,9.36e-05,27707,31702,3827,7822,27480,360378.1952,0,0,0,22
149,55,5,3.94,0.853,0.853,1024,128,8,4.793,40,0.5,True,0.0482,360378.1952,27480,2729,24751,0.023,4.87e-06,3.61e-08,0.023,3.1e-05,6.25e-05,3.02e-08,9.36e-05,27707,31702,3827,7822,27480,360378.1952,0,0,0,24
15,56,7,4.01,2.779,2.779,64,64,32,6.789,40,0.5,True,0.0573,1823322.9728,64752,6430,58322,0.0383,6.39e-06,8.35e-08,0.0383,4.02e-05,7.9e-05,7.43e-08,0.000119,64856,78035,9567,22746,64752,1823322.9728,0,0,0,40
150,57,6,3.94,1.853,1.853,1024,128,8,5.793,40,0.5,True,0.0401,360378.1952,27480,2729,24751,0.0191,2.48e-06,3.61e-08,0.0191,1.63e-05,3.31e-05,4.22e-08,4.94e-05,27707,31702,3827,7822,27480,360378.1952,0,0,0,22
151,58,7,3.94,2.853,2.853,1024,128,8,6.793,40,0.5,True,0.0344,360378.1952,27480,2729,24751,0.0164,2.48e-06,3.61e-08,0.0164,1.63e-05,3.31e-05,4.22e-08,4.94e-05,27707,31702,3827,7822,27480,360378.1952,0,0,0,23
152,59,4,3.864,-0.067,-0.067,1024,128,16,3.7969999999999997,40,0.5,True,0.104,624923.2288,41239,3969,37270,0.0416,7.13e-06,5.19e-08,0.0416,4.7e-05,9.27e-05,4.15e-08,0.00014,41507,48574,5837,12904,41239,624923.2288,0,0,0,29
153,60,5,3.864,0.933,0.933,1024,128,16,4.797,40,0.5,True,0.0836,624923.2288,41239,3969,37270,0.0333,7.13e-06,5.19e-08,0.0333,4.7e-05,9.27e-05,4.15e-08,0.00014,41507,48574,5837,12904,41239,624923.2288,0,0,0,29
154,61,6,3.864,1.933,1.933,1024,128,16,5.797,40,0.5,True,0.0697,624923.2288,41239,3969,37270,0.0277,3.92e-06,5.19e-08,0.0277,2.62e-05,5.15e-05,5.41e-08,7.78e-05,41507,48574,5837,12904,41239,624923.2288,0,0,0,29
155,62,7,3.864,2.933,2.933,1024,128,16,6.797,40,0.5,True,0.0598,624923.2288,41239,3969,37270,0.0238,3.92e-06,5.19e-08,0.0238,2.62e-05,5.15e-05,5.41e-08,7.78e-05,41507,48574,5837,12904,41239,624923.2288,0,0,0,29
156,63,4,4.065,-0.279,-0.279,1024,128,32,3.7860000000000005,40,0.5,True,0.193,1135684.4672,65018,6446,58572,0.0672,1.11e-05,8.37e-08,0.0673,7.02e-05,0.000138,5.95e-08,0.000209,65369,78564,9852,23047,65018,1135684.4672,0,0,0,40
157,64,5,4.255,0.521,0.521,1024,128,32,4.776,40,0.5,True,0.154,1135684.4672,65018,6446,58572,0.0538,1.11e-05,8.37e-08,0.0538,7.02e-05,0.000138,5.95e-08,0.000209,65369,78564,9852,23047,65018,1135684.4672,0,0,0,41
158,65,6,4.445,1.321,1.321,1024,128,32,5.766,40,0.5,True,0.129,1135684.4672,65018,6446,58572,0.0448,6.47e-06,8.37e-08,0.0448,4.11e-05,8.07e-05,7.37e-08,0.000122,65369,78564,9852,23047,65018,1135684.4672,0,0,0,40
159,66,7,4.635,2.121,2.121,1024,128,32,6.756,40,0.5,True,0.11,1135684.4672,65018,6446,58572,0.0384,6.47e-06,8.37e-08,0.0384,4.11e-05,8.07e-05,7.37e-08,0.000122,65369,78564,9852,23047,65018,1135684.4672,0,0,0,40
16,67,4,3.866,-0.069,-0.069,128,64,4,3.797,40,0.5,True,0.0259,316179.5552,20989,2055,18934,0.0217,3.78e-06,2.74e-08,0.0217,2.5e-05,4.99e-05,2.52e-08,7.49e-05,21166,23603,2703,5140,20989,316179.5552,0,0,0,20
160,68,4,3.81,-0.011,-0.011,64,128,4,3.799,40,0.5,True,0.026,317320.6496,21065,2063,19002,0.0218,3.78e-06,2.75e-08,0.0218,2.52e-05,5.05e-05,2.54e-08,7.58e-05,21241,23684,2730,5173,21065,317320.6496,0,0,0,21
161,69,5,3.81,0.989,0.989,64,256,4,4.799,40,0.5,True,0.0225,404885.288,21258,2068,19190,0.0175,3.77e-06,2.76e-08,0.0175,2.55e-05,5.09e-05,2.57e-08,7.64e-05,21464,23915,2775,5226,21258,404885.288,0,0,0,20
162,70,6,3.81,1.989,1.989,64,256,4,5.799,40,0.5,True,0.0187,404885.288,21258,2068,19190,0.0146,1.78e-06,2.76e-08,0.0146,1.27e-05,2.58e-05,3.76e-08,3.85e-05,21464,23915,2775,5226,21258,404885.288,0,0,0,20
163,71,7,3.825,2.974,2.974,64,256,4,6.799,40,0.5,True,0.0161,404885.288,21258,2068,19190,0.0125,1.78e-06,2.76e-08,0.0125,1.27e-05,2.58e-05,3.76e-08,3.85e-05,21464,23915,2775,5226,21258,404885.288,0,0,0,20
164,72,4,3.902,-0.108,-0.108,64,256,8,3.794,40,0.5,True,0.0412,711978.0352,28472,2732,25740,0.0287,4.97e-06,3.61e-08,0.0287,3.27e-05,6.57e-05,3.14e-08,9.84e-05,28698,32693,3802,7797,28472,711978.0352,0,0,0,25
165,73,5,3.902,0.892,0.892,64,256,8,4.7940000000000005,40,0.5,True,0.033,711978.0352,28472,2732,25740,0.023,4.97e-06,3.61e-08,0.023,3.27e-05,6.57e-05,3.14e-08,9.84e-05,28698,32693,3802,7797,28472,711978.0352,0,0,0,23
166,74,6,3.902,1.892,1.892,64,256,8,5.7940000000000005,40,0.5,True,0.0275,711978.0352,28472,2732,25740,0.0192,2.52e-06,3.61e-08,0.0192,1.72e-05,3.47e-05,4.37e-08,5.19e-05,28698,32693,3802,7797,28472,711978.0352,0,0,0,25
167,75,7,3.902,2.892,2.892,64,256,8,6.7940000000000005,40,0.5,True,0.0236,711978.0352,28472,2732,25740,0.0164,2.52e-06,3.61e-08,0.0164,1.72e-05,3.47e-05,4.37e-08,5.19e-05,28698,32693,3802,7797,28472,711978.0352,0,0,0,24
168,76,4,3.864,-0.067,-0.067,64,256,16,3.7969999999999997,40,0.5,True,0.0664,1318167.1104,40895,3969,36926,0.0416,7.02e-06,5.19e-08,0.0416,4.71e-05,9.33e-05,4.18e-08,0.00014,41162,48229,5832,12899,40895,1318167.1104,0,0,0,31
169,77,5,3.864,0.933,0.933,64,256,16,4.797,40,0.5,True,0.0531,1318167.1104,40895,3969,36926,0.0333,7.02e-06,5.19e-08,0.0333,4.71e-05,9.33e-05,4.18e-08,0.00014,41162,48229,5832,12899,40895,1318167.1104,0,0,0,31
17,78,5,3.866,0.931,0.931,128,64,4,4.797000000000001,40,0.5,True,0.0207,316179.5552,20989,2055,18934,0.0174,3.78e-06,2.74e-08,0.0174,2.5e-05,4.99e-05,2.52e-08,7.49e-05,21166,23603,2703,5140,20989,316179.5552,0,0,0,20
170,79,6,3.864,1.933,1.933,64,256,16,5.797,40,0.5,True,0.0443,1318167.1104,40895,3969,36926,0.0277,3.84e-06,5.19e-08,0.0277,2.64e-05,5.21e-05,5.47e-08,7.86e-05,41162,48229,5832,12899,40895,1318167.1104,0,0,0,31
171,80,7,3.864,2.933,2.933,64,256,16,6.797,40,0.5,True,0.038,1318167.1104,40895,3969,36926,0.0238,3.84e-06,5.19e-08,0.0238,2.64e-05,5.21e-05,5.47e-08,7.86e-05,41162,48229,5832,12899,40895,1318167.1104,0,0,0,31
172,81,4,3.862,-0.065,-0.065,64,256,32,3.797,40,0.5,True,0.117,2526293.6832,65822,6446,59376,0.0672,1.15e-05,8.37e-08,0.0673,7.1e-05,0.000142,5.97e-08,0.000213,66172,79367,9847,23042,65822,2526293.6832,0,0,0,41
173,82,5,3.862,0.935,0.935,64,256,32,4.797000000000001,40,0.5,True,0.0935,2526293.6832,65822,6446,59376,0.0538,1.15e-05,8.37e-08,0.0538,7.1e-05,0.000142,5.97e-08,0.000213,66172,79367,9847,23042,65822,2526293.6832,0,0,0,41
174,83,6,3.862,1.935,1.935,64,256,32,5.797000000000001,40,0.5,True,0.0779,2526293.6832,65822,6446,59376,0.0448,6.77e-06,8.37e-08,0.0448,4.14e-05,8.26e-05,7.38e-08,0.000124,66172,79367,9847,23042,65822,2526293.6832,0,0,0,41
175,84,7,3.862,2.935,2.935,64,256,32,6.797000000000001,40,0.5,True,0.0668,2526293.6832,65822,6446,59376,0.0384,6.77e-06,8.37e-08,0.0384,4.14e-05,8.26e-05,7.38e-08,0.000124,66172,79367,9847,23042,65822,2526293.6832,0,0,0,41
176,85,4,3.866,-0.069,-0.069,128,256,4,3.797,40,0.5,True,0.0281,404522.44,21357,2070,19287,0.0219,3.79e-06,2.76e-08,0.0219,2.54e-05,5.07e-05,2.55e-08,7.62e-05,21563,24016,2779,5232,21357,404522.44,0,0,0,20
177,86,5,3.866,0.931,0.931,128,256,4,4.797000000000001,40,0.5,True,0.0225,404522.44,21357,2070,19287,0.0175,3.79e-06,2.76e-08,0.0175,2.54e-05,5.07e-05,2.55e-08,7.62e-05,21563,24016,2779,5232,21357,404522.44,0,0,0,20
178,87,6,3.866,1.931,1.931,128,256,4,5.797000000000001,40,0.5,True,0.0187,404522.44,21357,2070,19287,0.0146,1.78e-06,2.76e-08,0.0146,1.26e-05,2.56e-05,3.74e-08,3.82e-05,21563,24016,2779,5232,21357,404522.44,0,0,0,20
179,88,7,3.866,2.931,2.931,128,256,4,6.797000000000001,40,0.5,True,0.0161,404522.44,21357,2070,19287,0.0125,1.78e-06,2.76e-08,0.0125,1.26e-05,2.56e-05,3.74e-08,3.82e-05,21563,24016,2779,5232,21357,404522.44,0,0,0,20
18,89,6,3.866,1.931,1.931,128,64,4,5.797000000000001,40,0.5,True,0.0173,316179.5552,20989,2055,18934,0.0145,1.77e-06,2.74e-08,0.0145,1.25e-05,2.53e-05,3.68e-08,3.78e-05,21166,23603,2703,5140,20989,316179.5552,0,0,0,20
180,90,4,3.896,-0.101,-0.101,128,256,8,3.795,40,0.5,True,0.0412,712131.9328,28492,2734,25758,0.0288,5.05e-06,3.61e-08,0.0288,3.27e-05,6.56e-05,3.11e-08,9.84e-05,28718,32715,3806,7803,28492,712131.9328,0,0,0,23
181,91,5,3.896,0.899,0.899,128,256,8,4.795,40,0.5,True,0.033,712131.9328,28492,2734,25758,0.023,5.05e-06,3.61e-08,0.023,3.27e-05,6.56e-05,3.11e-08,9.84e-05,28718,32715,3806,7803,28492,712131.9328,0,0,0,25
182,92,6,3.896,1.899,1.899,128,256,8,5.795,40,0.5,True,0.0275,712131.9328,28492,2734,25758,0.0192,2.56e-06,3.61e-08,0.0192,1.72e-05,3.46e-05,4.36e-08,5.18e-05,28718,32715,3806,7803,28492,712131.9328,0,0,0,24
183,93,7,3.896,2.899,2.899,128,256,8,6.795,40,0.5,True,0.0236,712131.9328,28492,2734,25758,0.0164,2.56e-06,3.61e-08,0.0164,1.72e-05,3.46e-05,4.36e-08,5.18e-05,28718,32715,3806,7803,28492,712131.9328,0,0,0,23
184,94,4,4.017,-0.229,-0.229,128,256,16,3.7880000000000003,40,0.5,True,0.0664,1314959.0336,40727,3971,36756,0.0416,6.94e-06,5.2e-08,0.0416,4.63e-05,9.16e-05,4.07e-08,0.000138,40994,48063,5836,12905,40727,1314959.0336,0,0,0,31
185,95,5,4.017,0.771,0.771,128,256,16,4.788,40,0.5,True,0.0532,1314959.0336,40727,3971,36756,0.0333,6.94e-06,5.2e-08,0.0333,4.63e-05,9.16e-05,4.07e-08,0.000138,40994,48063,5836,12905,40727,1314959.0336,0,0,0,31
186,96,6,4.017,1.771,1.771,128,256,16,5.788,40,0.5,True,0.0443,1314959.0336,40727,3971,36756,0.0277,3.8e-06,5.2e-08,0.0277,2.6e-05,5.1e-05,5.42e-08,7.7e-05,40994,48063,5836,12905,40727,1314959.0336,0,0,0,30
187,97,7,4.017,2.771,2.771,128,256,16,6.788,40,0.5,True,0.038,1314959.0336,40727,3971,36756,0.0238,3.8e-06,5.2e-08,0.0238,2.6e-05,5.1e-05,5.42e-08,7.7e-05,40994,48063,5836,12905,40727,1314959.0336,0,0,0,31
188,98,4,3.886,-0.09,-0.09,128,256,32,3.7960000000000003,40,0.5,True,0.117,2525993.3952,65864,6448,59416,0.0673,1.15e-05,8.37e-08,0.0673,7.1e-05,0.000142,5.98e-08,0.000213,66214,79411,9851,23048,65864,2525993.3952,0,0,0,41
189,99,5,3.886,0.91,0.91,128,256,32,4.796,40,0.5,True,0.0935,2525993.3952,65864,6448,59416,0.0538,1.15e-05,8.37e-08,0.0538,7.1e-05,0.000142,5.98e-08,0.000213,66214,79411,9851,23048,65864,2525993.3952,0,0,0,42
19,100,7,3.866,2.931,2.931,128,64,4,6.797000000000001,40,0.5,True,0.0148,316179.5552,20989,2055,18934,0.0124,1.77e-06,2.74e-08,0.0124,1.25e-05,2.53e-05,3.68e-08,3.78e-05,21166,23603,2703,5140,20989,316179.5552,0,0,0,20
190,101,6,3.886,1.91,1.91,128,256,32,5.796,40,0.5,True,0.0779,2525993.3952,65864,6448,59416,0.0448,6.76e-06,8.37e-08,0.0448,4.14e-05,8.23e-05,7.38e-08,0.000124,66214,79411,9851,23048,65864,2525993.3952,0,0,0,41
191,102,7,3.886,2.91,2.91,128,256,32,6.796,40,0.5,True,0.0668,2525993.3952,65864,6448,59416,0.0384,6.76e-06,8.37e-08,0.0384,4.14e-05,8.23e-05,7.38e-08,0.000124,66214,79411,9851,23048,65864,2525993.3952,0,0,0,41
192,103,4,3.81,-0.011,-0.011,256,256,4,3.799,40,0.5,True,0.0302,492581.3024,21449,2072,19377,0.0219,3.81e-06,2.76e-08,0.0219,2.56e-05,5.12e-05,2.58e-08,7.69e-05,21686,24141,2817,5272,21449,492581.3024,0,0,0,20
193,104,5,3.81,0.989,0.989,256,256,4,4.799,40,0.5,True,0.0242,492581.3024,21449,2072,19377,0.0175,3.81e-06,2.76e-08,0.0175,2.56e-05,5.12e-05,2.58e-08,7.69e-05,21686,24141,2817,5272,21449,492581.3024,0,0,0,21
194,105,6,3.81,1.989,1.989,256,256,4,5.799,40,0.5,True,0.0201,492581.3024,21449,2072,19377,0.0146,1.79e-06,2.76e-08,0.0146,1.28e-05,2.58e-05,3.8e-08,3.86e-05,21686,24141,2817,5272,21449,492581.3024,0,0,0,20
195,106,7,3.825,2.974,2.974,256,256,4,6.799,40,0.5,True,0.0173,492581.3024,21449,2072,19377,0.0125,1.79e-06,2.76e-08,0.0125,1.28e-05,2.58e-05,3.8e-08,3.86e-05,21686,24141,2817,5272,21449,492581.3024,0,0,0,21
196,107,4,3.896,-0.101,-0.101,256,256,8,3.795,40,0.5,True,0.0453,885341.8688,28583,2736,25847,0.0288,5e-06,3.62e-08,0.0288,3.26e-05,6.53e-05,3.11e-08,9.8e-05,28871,32870,3876,7875,28583,885341.8688,0,0,0,24
197,108,5,3.896,0.899,0.899,256,256,8,4.795,40,0.5,True,0.0363,885341.8688,28583,2736,25847,0.023,5e-06,3.62e-08,0.023,3.26e-05,6.53e-05,3.11e-08,9.8e-05,28871,32870,3876,7875,28583,885341.8688,0,0,0,24
198,109,6,3.896,1.899,1.899,256,256,8,5.795,40,0.5,True,0.0302,885341.8688,28583,2736,25847,0.0192,2.52e-06,3.62e-08,0.0192,1.71e-05,3.44e-05,4.38e-08,5.15e-05,28871,32870,3876,7875,28583,885341.8688,0,0,0,23
199,110,7,3.896,2.899,2.899,256,256,8,6.795,40,0.5,True,0.0259,885341.8688,28583,2736,25847,0.0164,2.52e-06,3.62e-08,0.0165,1.71e-05,3.44e-05,4.38e-08,5.15e-05,28871,32870,3876,7875,28583,885341.8688,0,0,0,24
2,111,6,3.81,1.989,1.989,64,64,4,5.799,40,0.5,True,0.0172,316258.3808,20888,2053,18835,0.0145,1.76e-06,2.73e-08,0.0145,1.25e-05,2.55e-05,3.69e-08,3.8e-05,21065,23500,2699,5134,20888,316258.3808,0,0,0,20
20,112,4,3.872,-0.076,-0.076,128,64,8,3.796,40,0.5,True,0.0369,533442.992,27253,2715,24538,0.0286,4.94e-06,3.59e-08,0.0286,3.12e-05,6.3e-05,3.04e-08,9.42e-05,27419,31400,3733,7714,27253,533442.992,0,0,0,23
200,113,4,3.864,-0.067,-0.067,256,256,16,3.7969999999999997,40,0.5,True,0.0746,1664565.712,41109,3973,37136,0.0416,6.91e-06,5.2e-08,0.0416,4.64e-05,9.23e-05,4.21e-08,0.000139,41500,48571,5970,13041,41109,1664565.712,0,0,0,28
201,114,5,3.864,0.933,0.933,256,256,16,4.797,40,0.5,True,0.0598,1664565.712,41109,3973,37136,0.0333,6.91e-06,5.2e-08,0.0333,4.64e-05,9.23e-05,4.21e-08,0.000139,41500,48571,5970,13041,41109,1664565.712,0,0,0,30
202,115,6,3.864,1.933,1.933,256,256,16,5.797,40,0.5,True,0.0498,1664565.712,41109,3973,37136,0.0277,3.77e-06,5.2e-08,0.0277,2.59e-05,5.16e-05,5.5e-08,7.76e-05,41500,48571,5970,13041,41109,1664565.712,0,0,0,28
203,116,7,3.864,2.933,2.933,256,256,16,6.797,40,0.5,True,0.0427,1664565.712,41109,3973,37136,0.0238,3.77e-06,5.2e-08,0.0238,2.59e-05,5.16e-05,5.5e-08,7.76e-05,41500,48571,5970,13041,41109,1664565.712,0,0,0,30
204,117,4,3.966,-0.174,-0.174,256,256,32,3.7920000000000003,40,0.5,True,0.133,3221735.9232,66309,6450,59859,0.0673,1.15e-05,8.38e-08,0.0673,7.1e-05,0.000142,6.05e-08,0.000213,66907,80106,10113,23312,66309,3221735.9232,0,0,0,40
205,118,5,4.156,0.626,0.626,256,256,32,4.782,40,0.5,True,0.107,3221735.9232,66309,6450,59859,0.0538,1.15e-05,8.38e-08,0.0538,7.1e-05,0.000142,6.05e-08,0.000213,66907,80106,10113,23312,66309,3221735.9232,0,0,0,41
206,119,6,4.346,1.426,1.426,256,256,32,5.772,40,0.5,True,0.089,3221735.9232,66309,6450,59859,0.0449,6.77e-06,8.38e-08,0.0449,4.14e-05,8.25e-05,7.45e-08,0.000124,66907,80106,10113,23312,66309,3221735.9232,0,0,0,40
207,120,7,4.536,2.226,2.226,256,256,32,6.762,40,0.5,True,0.0763,3221735.9232,66309,6450,59859,0.0384,6.77e-06,8.38e-08,0.0385,4.14e-05,8.25e-05,7.45e-08,0.000124,66907,80106,10113,23312,66309,3221735.9232,0,0,0,40
208,121,4,3.81,-0.011,-0.011,512,256,4,3.799,40,0.5,True,0.0329,318904.6688,21369,2074,19295,0.0219,3.78e-06,2.76e-08,0.0219,2.58e-05,5.14e-05,2.57e-08,7.71e-05,21575,24032,2764,5221,21369,318904.6688,0,0,0,21
209,122,5,3.81,0.989,0.989,512,256,4,4.799,40,0.5,True,0.0264,318904.6688,21369,2074,19295,0.0175,3.78e-06,2.76e-08,0.0175,2.58e-05,5.14e-05,2.57e-08,7.71e-05,21575,24032,2764,5221,21369,318904.6688,0,0,0,20
21,123,5,3.872,0.924,0.924,128,64,8,4.796,40,0.5,True,0.0295,533442.992,27253,2715,24538,0.0229,4.94e-06,3.59e-08,0.0229,3.12e-05,6.3e-05,3.04e-08,9.42e-05,27419,31400,3733,7714,27253,533442.992,0,0,0,23
210,124,6,3.81,1.989,1.989,512,256,4,5.799,40,0.5,True,0.0219,318904.6688,21369,2074,19295,0.0146,1.78e-06,2.76e-08,0.0146,1.28e-05,2.59e-05,3.75e-08,3.88e-05,21575,24032,2764,5221,21369,318904.6688,0,0,0,21
211,125,7,3.825,2.974,2.974,512,256,4,6.799,40,0.5,True,0.0188,318904.6688,21369,2074,19295,0.0125,1.78e-06,2.76e-08,0.0125,1.28e-05,2.59e-05,3.75e-08,3.88e-05,21575,24032,2764,5221,21369,318904.6688,0,0,0,21
212,126,4,3.872,-0.076,-0.076,512,256,8,3.796,40,0.5,True,0.0507,541559.5264,28723,2738,25985,0.0288,5e-06,3.62e-08,0.0288,3.4e-05,6.75e-05,3.24e-08,0.000102,28949,32950,3814,7815,28723,541559.5264,0,0,0,23
213,127,5,3.872,0.924,0.924,512,256,8,4.796,40,0.5,True,0.0406,541559.5264,28723,2738,25985,0.023,5e-06,3.62e-08,0.0231,3.4e-05,6.75e-05,3.24e-08,0.000102,28949,32950,3814,7815,28723,541559.5264,0,0,0,23
214,128,6,3.872,1.924,1.924,512,256,8,5.795999999999999,40,0.5,True,0.0339,541559.5264,28723,2738,25985,0.0192,2.54e-06,3.62e-08,0.0192,1.77e-05,3.54e-05,4.42e-08,5.32e-05,28949,32950,3814,7815,28723,541559.5264,0,0,0,24
215,129,7,3.872,2.924,2.924,512,256,8,6.795999999999999,40,0.5,True,0.029,541559.5264,28723,2738,25985,0.0165,2.54e-06,3.62e-08,0.0165,1.77e-05,3.54e-05,4.42e-08,5.32e-05,28949,32950,3814,7815,28723,541559.5264,0,0,0,23
216,130,4,4.03,-0.242,-0.242,512,256,16,3.7880000000000003,40,0.5,True,0.0854,969969.2832,40861,3975,36886,0.0416,6.99e-06,5.2e-08,0.0416,4.65e-05,9.23e-05,4.09e-08,0.000139,41128,48201,5844,12917,40861,969969.2832,0,0,0,30
217,131,5,4.03,0.758,0.758,512,256,16,4.788,40,0.5,True,0.0684,969969.2832,40861,3975,36886,0.0333,6.99e-06,5.2e-08,0.0333,4.65e-05,9.23e-05,4.09e-08,0.000139,41128,48201,5844,12917,40861,969969.2832,0,0,0,31
218,132,6,4.03,1.758,1.758,512,256,16,5.788,40,0.5,True,0.057,969969.2832,40861,3975,36886,0.0278,3.84e-06,5.2e-08,0.0278,2.61e-05,5.15e-05,5.35e-08,7.77e-05,41128,48201,5844,12917,40861,969969.2832,0,0,0,30
219,133,7,4.03,2.758,2.758,512,256,16,6.788,40,0.5,True,0.0489,969969.2832,40861,3975,36886,0.0238,3.84e-06,5.2e-08,0.0238,2.61e-05,5.15e-05,5.35e-08,7.77e-05,41128,48201,5844,12917,40861,969969.2832,0,0,0,30
22,134,6,3.872,1.924,1.924,128,64,8,5.795999999999999,40,0.5,True,0.0246,533442.992,27253,2715,24538,0.019,2.48e-06,3.59e-08,0.019,1.66e-05,3.36e-05,4.25e-08,5.02e-05,27419,31400,3733,7714,27253,533442.992,0,0,0,23
220,135,4,3.862,-0.065,-0.065,512,256,32,3.797,40,0.5,True,0.155,1832057.6,65713,6452,59261,0.0673,1.15e-05,8.38e-08,0.0673,7.06e-05,0.000142,5.99e-08,0.000213,66063,79264,9859,23060,65713,1832057.6,0,0,0,41
221,136,5,3.862,0.935,0.935,512,256,32,4.797000000000001,40,0.5,True,0.124,1832057.6,65713,6452,59261,0.0538,1.15e-05,8.38e-08,0.0539,7.06e-05,0.000142,5.99e-08,0.000213,66063,79264,9859,23060,65713,1832057.6,0,0,0,41
222,137,6,3.862,1.935,1.935,512,256,32,5.797000000000001,40,0.5,True,0.103,1832057.6,65713,6452,59261,0.0449,6.76e-06,8.38e-08,0.0449,4.14e-05,8.25e-05,7.3e-08,0.000124,66063,79264,9859,23060,65713,1832057.6,0,0,0,41
223,138,7,3.862,2.935,2.935,512,256,32,6.797000000000001,40,0.5,True,0.0887,1832057.6,65713,6452,59261,0.0385,6.76e-06,8.38e-08,0.0385,4.14e-05,8.25e-05,7.3e-08,0.000124,66063,79264,9859,23060,65713,1832057.6,0,0,0,41
224,139,4,3.81,-0.011,-0.011,1024,256,4,3.799,40,0.5,True,0.0397,319252.5024,21437,2076,19361,0.0219,3.8e-06,2.77e-08,0.0219,2.57e-05,5.12e-05,2.59e-08,7.7e-05,21674,24133,2802,5261,21437,319252.5024,0,0,0,21
225,140,5,3.81,0.989,0.989,1024,256,4,4.799,40,0.5,True,0.0318,319252.5024,21437,2076,19361,0.0175,3.8e-06,2.77e-08,0.0176,2.57e-05,5.12e-05,2.59e-08,7.7e-05,21674,24133,2802,5261,21437,319252.5024,0,0,0,20
226,141,6,3.81,1.989,1.989,1024,256,4,5.799,40,0.5,True,0.0265,319252.5024,21437,2076,19361,0.0146,1.79e-06,2.77e-08,0.0146,1.28e-05,2.59e-05,3.78e-08,3.87e-05,21674,24133,2802,5261,21437,319252.5024,0,0,0,21
227,142,7,3.832,2.966,2.966,1024,256,4,6.798,40,0.5,True,0.0227,319252.5024,21437,2076,19361,0.0125,1.79e-06,2.77e-08,0.0125,1.28e-05,2.59e-05,3.78e-08,3.87e-05,21674,24133,2802,5261,21437,319252.5024,0,0,0,21
228,143,4,3.896,-0.101,-0.101,1024,256,8,3.795,40,0.5,True,0.0644,538255.1072,28566,2740,25826,0.0288,5.01e-06,3.62e-08,0.0288,3.22e-05,6.49e-05,3.09e-08,9.71e-05,28854,32857,3884,7887,28566,538255.1072,0,0,0,25
229,144,5,3.896,0.899,0.899,1024,256,8,4.795,40,0.5,True,0.0516,538255.1072,28566,2740,25826,0.0231,5.01e-06,3.62e-08,0.0231,3.22e-05,6.49e-05,3.09e-08,9.71e-05,28854,32857,3884,7887,28566,538255.1072,0,0,0,23
23,145,7,3.872,2.924,2.924,128,64,8,6.795999999999999,40,0.5,True,0.0211,533442.992,27253,2715,24538,0.0163,2.48e-06,3.59e-08,0.0163,1.66e-05,3.36e-05,4.25e-08,5.02e-05,27419,31400,3733,7714,27253,533442.992,0,0,0,22
230,146,6,3.896,1.899,1.899,1024,256,8,5.795,40,0.5,True,0.043,538255.1072,28566,2740,25826,0.0192,2.53e-06,3.62e-08,0.0192,1.69e-05,3.42e-05,4.34e-08,5.12e-05,28854,32857,3884,7887,28566,538255.1072,0,0,0,25
231,147,7,3.896,2.899,2.899,1024,256,8,6.795,40,0.5,True,0.0369,538255.1072,28566,2740,25826,0.0165,2.53e-06,3.62e-08,0.0165,1.69e-05,3.42e-05,4.34e-08,5.12e-05,28854,32857,3884,7887,28566,538255.1072,0,0,0,24
232,148,4,4.017,-0.229,-0.229,1024,256,16,3.7880000000000003,40,0.5,True,0.113,970101.9104,40951,3977,36974,0.0417,6.92e-06,5.21e-08,0.0417,4.62e-05,9.17e-05,4.15e-08,0.000138,41342,48417,5978,13053,40951,970101.9104,0,0,0,30
233,149,5,4.017,0.771,0.771,1024,256,16,4.788,40,0.5,True,0.0903,970101.9104,40951,3977,36974,0.0333,6.92e-06,5.21e-08,0.0333,4.62e-05,9.17e-05,4.15e-08,0.000138,41342,48417,5978,13053,40951,970101.9104,0,0,0,29
234,150,6,4.017,1.771,1.771,1024,256,16,5.788,40,0.5,True,0.0753,970101.9104,40951,3977,36974,0.0278,3.78e-06,5.2e-08,0.0278,2.58e-05,5.13e-05,5.42e-08,7.71e-05,41342,48417,5978,13053,40951,970101.9104,0,0,0,29
235,151,7,4.017,2.771,2.771,1024,256,16,6.788,40,0.5,True,0.0646,970101.9104,40951,3977,36974,0.0238,3.78e-06,5.2e-08,0.0238,2.58e-05,5.13e-05,5.42e-08,7.71e-05,41342,48417,5978,13053,40951,970101.9104,0,0,0,30
236,152,4,4.067,-0.281,-0.281,1024,256,32,3.786,40,0.5,True,0.209,1831167.9968,66048,6454,59594,0.0673,1.14e-05,8.38e-08,0.0673,7.08e-05,0.000141,5.94e-08,0.000212,66646,79849,10121,23324,66048,1831167.9968,0,0,0,41
237,153,5,4.257,0.519,0.519,1024,256,32,4.776,40,0.5,True,0.168,1831167.9968,66048,6454,59594,0.0539,1.14e-05,8.38e-08,0.0539,7.08e-05,0.000141,5.94e-08,0.000212,66646,79849,10121,23324,66048,1831167.9968,0,0,0,42
238,154,6,4.447,1.319,1.319,1024,256,32,5.766,40,0.5,True,0.14,1831167.9968,66048,6454,59594,0.0449,6.7e-06,8.38e-08,0.0449,4.12e-05,8.15e-05,7.5e-08,0.000123,66646,79849,10121,23324,66048,1831167.9968,0,0,0,41
239,155,7,4.637,2.119,2.119,1024,256,32,6.756,40,0.5,True,0.12,1831167.9968,66048,6454,59594,0.0385,6.7e-06,8.38e-08,0.0385,4.12e-05,8.15e-05,7.5e-08,0.000123,66646,79849,10121,23324,66048,1831167.9968,0,0,0,42
24,156,4,3.864,-0.067,-0.067,128,64,16,3.7969999999999997,40,0.5,True,0.058,963902.2144,39375,3955,35420,0.0414,6.99e-06,5.18e-08,0.0414,4.48e-05,8.86e-05,4.08e-08,0.000133,39520,46573,5560,12613,39375,963902.2144,0,0,0,29
240,157,4,3.81,-0.011,-0.011,64,256,4,3.799,40,0.5,True,0.0281,404885.288,21258,2068,19190,0.0218,3.77e-06,2.76e-08,0.0219,2.55e-05,5.09e-05,2.57e-08,7.64e-05,21464,23915,2775,5226,21258,404885.288,0,0,0,21
241,158,5,3.821,0.978,0.978,64,512,4,4.799,40,0.5,True,0.0247,234792.0912,22158,2076,20082,0.0175,3.91e-06,2.77e-08,0.0176,2.63e-05,5.29e-05,2.55e-08,7.92e-05,22332,24791,2752,5211,22158,234792.0912,0,0,0,21
242,159,6,3.821,1.978,1.978,64,512,4,5.799,40,0.5,True,0.0206,234792.0912,22158,2076,20082,0.0146,1.83e-06,2.77e-08,0.0146,1.31e-05,2.64e-05,3.79e-08,3.95e-05,22332,24791,2752,5211,22158,234792.0912,0,0,0,20
243,160,7,3.821,2.978,2.978,64,512,4,6.799,40,0.5,True,0.0176,234792.0912,22158,2076,20082,0.0125,1.83e-06,2.77e-08,0.0125,1.31e-05,2.64e-05,3.79e-08,3.95e-05,22332,24791,2752,5211,22158,234792.0912,0,0,0,21
244,161,4,3.872,-0.076,-0.076,64,512,8,3.796,40,0.5,True,0.0466,365947.2864,28517,2737,25780,0.0288,4.95e-06,3.62e-08,0.0288,3.31e-05,6.62e-05,3.13e-08,9.93e-05,28680,32683,3767,7770,28517,365947.2864,0,0,0,24
245,162,5,3.872,0.924,0.924,64,512,8,4.796,40,0.5,True,0.0373,365947.2864,28517,2737,25780,0.023,4.95e-06,3.62e-08,0.023,3.31e-05,6.62e-05,3.13e-08,9.93e-05,28680,32683,3767,7770,28517,365947.2864,0,0,0,24
246,163,6,3.872,1.924,1.924,64,512,8,5.795999999999999,40,0.5,True,0.0311,365947.2864,28517,2737,25780,0.0192,2.51e-06,3.62e-08,0.0192,1.75e-05,3.48e-05,4.38e-08,5.23e-05,28680,32683,3767,7770,28517,365947.2864,0,0,0,23
247,164,7,3.872,2.924,2.924,64,512,8,6.795999999999999,40,0.5,True,0.0267,365947.2864,28517,2737,25780,0.0165,2.51e-06,3.62e-08,0.0165,1.75e-05,3.48e-05,4.38e-08,5.23e-05,28680,32683,3767,7770,28517,365947.2864,0,0,0,24
248,165,4,4.017,-0.229,-0.229,64,512,16,3.7880000000000003,40,0.5,True,0.0772,625080.88,41073,3980,37093,0.0417,7.24e-06,5.21e-08,0.0417,4.74e-05,9.33e-05,4.08e-08,0.000141,41215,48290,5713,12788,41073,625080.88,0,0,0,29
249,166,5,4.017,0.771,0.771,64,512,16,4.788,40,0.5,True,0.0618,625080.88,41073,3980,37093,0.0334,7.24e-06,5.21e-08,0.0334,4.74e-05,9.33e-05,4.08e-08,0.000141,41215,48290,5713,12788,41073,625080.88,0,0,0,29
25,167,5,3.864,0.933,0.933,128,64,16,4.797,40,0.5,True,0.0465,963902.2144,39375,3955,35420,0.0331,6.99e-06,5.18e-08,0.0332,4.48e-05,8.86e-05,4.08e-08,0.000133,39520,46573,5560,12613,39375,963902.2144,0,0,0,28
250,168,6,4.017,1.771,1.771,64,512,16,5.788,40,0.5,True,0.0515,625080.88,41073,3980,37093,0.0278,3.99e-06,5.21e-08,0.0278,2.63e-05,5.15e-05,5.4e-08,7.78e-05,41215,48290,5713,12788,41073,625080.88,0,0,0,30
251,169,7,4.017,2.771,2.771,64,512,16,6.788,40,0.5,True,0.0442,625080.88,41073,3980,37093,0.0238,3.99e-06,5.21e-08,0.0238,2.63e-05,5.15e-05,5.4e-08,7.78e-05,41215,48290,5713,12788,41073,625080.88,0,0,0,31
252,170,4,3.877,-0.081,-0.081,64,512,32,3.796,40,0.5,True,0.138,1137705.1552,65723,6454,59269,0.0673,1.13e-05,8.38e-08,0.0673,7.22e-05,0.000141,5.96e-08,0.000213,65824,79027,9598,22801,65723,1137705.1552,0,0,0,47
253,171,5,3.877,0.919,0.919,64,512,32,4.795999999999999,40,0.5,True,0.111,1137705.1552,65723,6454,59269,0.0539,1.13e-05,8.38e-08,0.0539,7.22e-05,0.000141,5.96e-08,0.000213,65824,79027,9598,22801,65723,1137705.1552,0,0,0,46
254,172,6,3.877,1.919,1.919,64,512,32,5.795999999999999,40,0.5,True,0.0923,1137705.1552,65723,6454,59269,0.0449,6.61e-06,8.38e-08,0.0449,4.2e-05,8.17e-05,7.35e-08,0.000124,65824,79027,9598,22801,65723,1137705.1552,0,0,0,47
255,173,7,3.877,2.919,2.919,64,512,32,6.795999999999999,40,0.5,True,0.0792,1137705.1552,65723,6454,59269,0.0385,6.61e-06,8.38e-08,0.0385,4.2e-05,8.17e-05,7.35e-08,0.000124,65824,79027,9598,22801,65723,1137705.1552,0,0,0,47
256,174,4,3.866,-0.069,-0.069,128,512,4,3.797,40,0.5,True,0.0309,235337.6144,22143,2078,20065,0.022,3.91e-06,2.77e-08,0.022,2.66e-05,5.29e-05,2.6e-08,7.96e-05,22317,24778,2739,5200,22143,235337.6144,0,0,0,21
257,175,5,3.866,0.931,0.931,128,512,4,4.797000000000001,40,0.5,True,0.0247,235337.6144,22143,2078,20065,0.0176,3.91e-06,2.77e-08,0.0176,2.66e-05,5.29e-05,2.6e-08,7.96e-05,22317,24778,2739,5200,22143,235337.6144,0,0,0,21
258,176,6,3.866,1.931,1.931,128,512,4,5.797000000000001,40,0.5,True,0.0206,235337.6144,22143,2078,20065,0.0146,1.85e-06,2.77e-08,0.0146,1.32e-05,2.65e-05,3.83e-08,3.98e-05,22317,24778,2739,5200,22143,235337.6144,0,0,0,20
259,177,7,3.866,2.931,2.931,128,512,4,6.797000000000001,40,0.5,True,0.0177,235337.6144,22143,2078,20065,0.0125,1.85e-06,2.77e-08,0.0125,1.32e-05,2.65e-05,3.83e-08,3.98e-05,22317,24778,2739,5200,22143,235337.6144,0,0,0,22
26,178,6,3.864,1.933,1.933,128,64,16,5.797,40,0.5,True,0.0387,963902.2144,39375,3955,35420,0.0276,3.84e-06,5.17e-08,0.0276,2.51e-05,4.98e-05,5.34e-08,7.49e-05,39520,46573,5560,12613,39375,963902.2144,0,0,0,28
260,179,4,3.872,-0.076,-0.076,128,512,8,3.796,40,0.5,True,0.0466,366207.536,28568,2739,25829,0.0288,4.99e-06,3.62e-08,0.0288,3.32e-05,6.63e-05,3.14e-08,9.95e-05,28731,32736,3771,7776,28568,366207.536,0,0,0,24
261,180,5,3.872,0.924,0.924,128,512,8,4.796,40,0.5,True,0.0373,366207.536,28568,2739,25829,0.0231,4.99e-06,3.62e-08,0.0231,3.32e-05,6.63e-05,3.14e-08,9.95e-05,28731,32736,3771,7776,28568,366207.536,0,0,0,23
262,181,6,3.872,1.924,1.924,128,512,8,5.795999999999999,40,0.5,True,0.0311,366207.536,28568,2739,25829,0.0192,2.52e-06,3.62e-08,0.0192,1.75e-05,3.49e-05,4.4e-08,5.24e-05,28731,32736,3771,7776,28568,366207.536,0,0,0,25
263,182,7,3.872,2.924,2.924,128,512,8,6.795999999999999,40,0.5,True,0.0267,366207.536,28568,2739,25829,0.0165,2.52e-06,3.62e-08,0.0165,1.75e-05,3.49e-05,4.4e-08,5.24e-05,28731,32736,3771,7776,28568,366207.536,0,0,0,24
264,183,4,3.875,-0.078,-0.078,128,512,16,3.797,40,0.5,True,0.0772,625560.0896,41223,3982,37241,0.0417,7.2e-06,5.21e-08,0.0417,4.49e-05,8.9e-05,4.11e-08,0.000134,41365,48442,5717,12794,41223,625560.0896,0,0,0,30
265,184,5,3.875,0.922,0.922,128,512,16,4.797,40,0.5,True,0.0618,625560.0896,41223,3982,37241,0.0334,7.2e-06,5.21e-08,0.0334,4.49e-05,8.9e-05,4.11e-08,0.000134,41365,48442,5717,12794,41223,625560.0896,0,0,0,29
266,185,6,3.875,1.922,1.922,128,512,16,5.797,40,0.5,True,0.0515,625560.0896,41223,3982,37241,0.0278,4e-06,5.21e-08,0.0278,2.61e-05,5.15e-05,5.41e-08,7.76e-05,41365,48442,5717,12794,41223,625560.0896,0,0,0,29
267,186,7,3.875,2.922,2.922,128,512,16,6.797000000000001,40,0.5,True,0.0442,625560.0896,41223,3982,37241,0.0238,4e-06,5.21e-08,0.0238,2.61e-05,5.15e-05,5.41e-08,7.76e-05,41365,48442,5717,12794,41223,625560.0896,0,0,0,29
268,187,4,3.881,-0.085,-0.085,128,512,32,3.796,40,0.5,True,0.138,1139549.424,65919,6456,59463,0.0673,1.16e-05,8.38e-08,0.0674,7.27e-05,0.000142,5.97e-08,0.000215,66020,79225,9604,22809,65919,1139549.424,0,0,0,42
269,188,5,3.881,0.915,0.915,128,512,32,4.795999999999999,40,0.5,True,0.111,1139549.424,65919,6456,59463,0.0539,1.16e-05,8.38e-08,0.0539,7.27e-05,0.000142,5.97e-08,0.000215,66020,79225,9604,22809,65919,1139549.424,0,0,0,43
27,189,7,3.864,2.933,2.933,128,64,16,6.797,40,0.5,True,0.0332,963902.2144,39375,3955,35420,0.0237,3.84e-06,5.17e-08,0.0237,2.51e-05,4.98e-05,5.34e-08,7.49e-05,39520,46573,5560,12613,39375,963902.2144,0,0,0,28
270,190,6,3.881,1.915,1.915,128,512,32,5.795999999999999,40,0.5,True,0.0923,1139549.424,65919,6456,59463,0.0449,6.8e-06,8.38e-08,0.0449,4.2e-05,8.2e-05,7.4e-08,0.000124,66020,79225,9604,22809,65919,1139549.424,0,0,0,42
271,191,7,3.881,2.915,2.915,128,512,32,6.795999999999999,40,0.5,True,0.0792,1139549.424,65919,6456,59463,0.0385,6.8e-06,8.38e-08,0.0385,4.2e-05,8.2e-05,7.4e-08,0.000124,66020,79225,9604,22809,65919,1139549.424,0,0,0,42
272,192,4,3.81,-0.011,-0.011,256,512,4,3.799,40,0.5,True,0.033,323111.2032,22149,2080,20069,0.022,3.88e-06,2.77e-08,0.022,2.68e-05,5.36e-05,2.62e-08,8.04e-05,22354,24817,2777,5240,22149,323111.2032,0,0,0,20
273,193,5,3.81,0.989,0.989,256,512,4,4.799,40,0.5,True,0.0264,323111.2032,22149,2080,20069,0.0176,3.88e-06,2.77e-08,0.0176,2.68e-05,5.36e-05,2.62e-08,8.04e-05,22354,24817,2777,5240,22149,323111.2032,0,0,0,21
274,194,6,3.81,1.989,1.989,256,512,4,5.799,40,0.5,True,0.022,323111.2032,22149,2080,20069,0.0146,1.84e-06,2.77e-08,0.0146,1.33e-05,2.68e-05,3.85e-08,4.02e-05,22354,24817,2777,5240,22149,323111.2032,0,0,0,22
275,195,7,3.825,2.974,2.974,256,512,4,6.799,40,0.5,True,0.0189,323111.2032,22149,2080,20069,0.0126,1.84e-06,2.77e-08,0.0126,1.33e-05,2.68e-05,3.85e-08,4.02e-05,22354,24817,2777,5240,22149,323111.2032,0,0,0,21
276,196,4,3.872,-0.076,-0.076,256,512,8,3.796,40,0.5,True,0.0507,540011.792,28664,2741,25923,0.0288,4.98e-06,3.62e-08,0.0288,3.31e-05,6.62e-05,3.14e-08,9.94e-05,28889,32896,3841,7848,28664,540011.792,0,0,0,23
277,197,5,3.872,0.924,0.924,256,512,8,4.796,40,0.5,True,0.0406,540011.792,28664,2741,25923,0.0231,4.98e-06,3.62e-08,0.0231,3.31e-05,6.62e-05,3.14e-08,9.94e-05,28889,32896,3841,7848,28664,540011.792,0,0,0,25
278,198,6,3.872,1.924,1.924,256,512,8,5.795999999999999,40,0.5,True,0.0339,540011.792,28664,2741,25923,0.0192,2.52e-06,3.62e-08,0.0192,1.75e-05,3.49e-05,4.39e-08,5.24e-05,28889,32896,3841,7848,28664,540011.792,0,0,0,23
279,199,7,3.872,2.924,2.924,256,512,8,6.795999999999999,40,0.5,True,0.029,540011.792,28664,2741,25923,0.0165,2.52e-06,3.62e-08,0.0165,1.75e-05,3.49e-05,4.39e-08,5.24e-05,28889,32896,3841,7848,28664,540011.792,0,0,0,25
28,200,4,4.01,-0.221,-0.221,128,64,32,3.7889999999999997,40,0.5,True,0.1,1824968.3008,64876,6432,58444,0.0671,1.13e-05,8.35e-08,0.0671,6.92e-05,0.000136,5.88e-08,0.000205,64980,78161,9571,22752,64876,1824968.3008,0,0,0,40
280,201,4,3.849,-0.052,-0.052,256,512,16,3.797,40,0.5,True,0.0854,972270.24,41306,3984,37322,0.0417,7.1e-06,5.21e-08,0.0417,4.44e-05,8.85e-05,4.1e-08,0.000133,41572,48651,5727,12806,41306,972270.24,0,0,0,29
281,202,5,3.849,0.948,0.948,256,512,16,4.797000000000001,40,0.5,True,0.0684,972270.24,41306,3984,37322,0.0334,7.1e-06,5.21e-08,0.0334,4.44e-05,8.85e-05,4.1e-08,0.000133,41572,48651,5727,12806,41306,972270.24,0,0,0,29
282,203,6,3.849,1.948,1.948,256,512,16,5.797000000000001,40,0.5,True,0.0571,972270.24,41306,3984,37322,0.0278,3.93e-06,5.21e-08,0.0278,2.59e-05,5.14e-05,5.34e-08,7.73e-05,41572,48651,5727,12806,41306,972270.24,0,0,0,31
283,204,7,3.849,2.948,2.948,256,512,16,6.797000000000001,40,0.5,True,0.0489,972270.24,41306,3984,37322,0.0238,3.93e-06,5.21e-08,0.0238,2.59e-05,5.14e-05,5.34e-08,7.73e-05,41572,48651,5727,12806,41306,972270.24,0,0,0,30
284,205,4,3.968,-0.176,-0.176,256,512,32,3.792,40,0.5,True,0.155,1832357.888,65878,6458,59420,0.0674,1.16e-05,8.39e-08,0.0674,7.14e-05,0.00014,5.98e-08,0.000212,66227,79434,9866,23073,65878,1832357.888,0,0,0,42
285,206,5,4.158,0.624,0.624,256,512,32,4.782,40,0.5,True,0.124,1832357.888,65878,6458,59420,0.0539,1.16e-05,8.39e-08,0.0539,7.14e-05,0.00014,5.98e-08,0.000212,66227,79434,9866,23073,65878,1832357.888,0,0,0,43
286,207,6,4.348,1.424,1.424,256,512,32,5.772,40,0.5,True,0.103,1832357.888,65878,6458,59420,0.0449,6.81e-06,8.39e-08,0.0449,4.17e-05,8.15e-05,7.33e-08,0.000123,66227,79434,9866,23073,65878,1832357.888,0,0,0,43
287,208,7,4.538,2.224,2.224,256,512,32,6.7620000000000005,40,0.5,True,0.0887,1832357.888,65878,6458,59420,0.0385,6.81e-06,8.39e-08,0.0385,4.17e-05,8.15e-05,7.33e-08,0.000123,66227,79434,9866,23073,65878,1832357.888,0,0,0,42
288,209,4,3.81,-0.011,-0.011,512,512,4,3.799,40,0.5,True,0.0357,149173.0688,22132,2082,20050,0.022,3.89e-06,2.78e-08,0.022,2.67e-05,5.33e-05,2.61e-08,8e-05,22306,24771,2764,5229,22132,149173.0688,0,0,0,21
289,210,5,3.81,0.989,0.989,512,512,4,4.799,40,0.5,True,0.0286,149173.0688,22132,2082,20050,0.0176,3.89e-06,2.78e-08,0.0176,2.67e-05,5.33e-05,2.61e-08,8e-05,22306,24771,2764,5229,22132,149173.0688,0,0,0,21
29,211,5,4.01,0.779,0.779,128,64,32,4.789,40,0.5,True,0.0802,1824968.3008,64876,6432,58444,0.0537,1.13e-05,8.35e-08,0.0537,6.92e-05,0.000136,5.88e-08,0.000205,64980,78161,9571,22752,64876,1824968.3008,0,0,0,41
290,212,6,3.81,1.989,1.989,512,512,4,5.799,40,0.5,True,0.0238,149173.0688,22132,2082,20050,0.0147,1.85e-06,2.77e-08,0.0147,1.33e-05,2.67e-05,3.83e-08,4.01e-05,22306,24771,2764,5229,22132,149173.0688,0,0,0,21
291,213,7,3.81,2.989,2.989,512,512,4,6.7989999999999995,40,0.5,True,0.0204,149173.0688,22132,2082,20050,0.0126,1.85e-06,2.77e-08,0.0126,1.33e-05,2.67e-05,3.83e-08,4.01e-05,22306,24771,2764,5229,22132,149173.0688,0,0,0,21
292,214,4,3.872,-0.076,-0.076,512,512,8,3.796,40,0.5,True,0.0561,194692.976,28718,2743,25975,0.0289,5.04e-06,3.63e-08,0.0289,3.38e-05,6.69e-05,3.14e-08,0.000101,28881,32890,3759,7768,28718,194692.976,0,0,0,23
293,215,5,3.872,0.924,0.924,512,512,8,4.796,40,0.5,True,0.045,194692.976,28718,2743,25975,0.0231,5.04e-06,3.63e-08,0.0231,3.38e-05,6.69e-05,3.14e-08,0.000101,28881,32890,3759,7768,28718,194692.976,0,0,0,23
294,216,6,3.872,1.924,1.924,512,512,8,5.795999999999999,40,0.5,True,0.0375,194692.976,28718,2743,25975,0.0192,2.55e-06,3.62e-08,0.0192,1.77e-05,3.52e-05,4.45e-08,5.3e-05,28881,32890,3759,7768,28718,194692.976,0,0,0,24
295,217,7,3.872,2.924,2.924,512,512,8,6.795999999999999,40,0.5,True,0.0321,194692.976,28718,2743,25975,0.0165,2.55e-06,3.62e-08,0.0165,1.77e-05,3.52e-05,4.45e-08,5.3e-05,28881,32890,3759,7768,28718,194692.976,0,0,0,24
296,218,4,3.864,-0.067,-0.067,512,512,16,3.7969999999999997,40,0.5,True,0.0962,278285.648,41233,3986,37247,0.0417,7.19e-06,5.22e-08,0.0418,4.66e-05,9.3e-05,4.13e-08,0.00014,41375,48456,5725,12806,41233,278285.648,0,0,0,28
297,219,5,3.864,0.933,0.933,512,512,16,4.797,40,0.5,True,0.0771,278285.648,41233,3986,37247,0.0334,7.19e-06,5.22e-08,0.0334,4.66e-05,9.3e-05,4.13e-08,0.00014,41375,48456,5725,12806,41233,278285.648,0,0,0,30
298,220,6,3.864,1.933,1.933,512,512,16,5.797,40,0.5,True,0.0643,278285.648,41233,3986,37247,0.0278,3.95e-06,5.22e-08,0.0278,2.61e-05,5.16e-05,5.4e-08,7.77e-05,41375,48456,5725,12806,41233,278285.648,0,0,0,29
299,221,7,3.864,2.933,2.933,512,512,16,6.797,40,0.5,True,0.0551,278285.648,41233,3986,37247,0.0239,3.95e-06,5.22e-08,0.0239,2.61e-05,5.16e-05,5.4e-08,7.77e-05,41375,48456,5725,12806,41233,278285.648,0,0,0,30
3,222,7,3.81,2.989,2.989,64,64,4,6.7989999999999995,40,0.5,True,0.0148,316258.3808,20888,2053,18835,0.0124,1.76e-06,2.73e-08,0.0124,1.25e-05,2.55e-05,3.69e-08,3.8e-05,21065,23500,2699,5134,20888,316258.3808,0,0,0,20
30,223,6,4.01,1.779,1.779,128,64,32,5.789,40,0.5,True,0.0668,1824968.3008,64876,6432,58444,0.0447,6.61e-06,8.35e-08,0.0447,4.03e-05,7.95e-05,7.33e-08,0.00012,64980,78161,9571,22752,64876,1824968.3008,0,0,0,39
300,224,4,3.877,-0.081,-0.081,512,512,32,3.796,40,0.5,True,0.176,444940.4832,65958,6460,59498,0.0674,1.17e-05,8.39e-08,0.0674,7.28e-05,0.000142,5.89e-08,0.000214,66059,79268,9612,22821,65958,444940.4832,0,0,0,41
301,225,5,3.877,0.919,0.919,512,512,32,4.795999999999999,40,0.5,True,0.141,444940.4832,65958,6460,59498,0.0539,1.17e-05,8.39e-08,0.0539,7.28e-05,0.000142,5.89e-08,0.000214,66059,79268,9612,22821,65958,444940.4832,0,0,0,41
302,226,6,3.877,1.919,1.919,512,512,32,5.795999999999999,40,0.5,True,0.118,444940.4832,65958,6460,59498,0.0449,6.87e-06,8.39e-08,0.0449,4.24e-05,8.21e-05,7.24e-08,0.000125,66059,79268,9612,22821,65958,444940.4832,0,0,0,40
303,227,7,3.877,2.919,2.919,512,512,32,6.795999999999999,40,0.5,True,0.101,444940.4832,65958,6460,59498,0.0385,6.87e-06,8.39e-08,0.0385,4.24e-05,8.21e-05,7.24e-08,0.000125,66059,79268,9612,22821,65958,444940.4832,0,0,0,41
304,228,4,3.81,-0.011,-0.011,1024,512,4,3.799,40,0.5,True,0.0425,149274.416,22248,2084,20164,0.022,3.9e-06,2.78e-08,0.022,2.65e-05,5.36e-05,2.59e-08,8.01e-05,22453,24920,2785,5252,22248,149274.416,0,0,0,20
305,229,5,3.81,0.989,0.989,1024,512,4,4.799,40,0.5,True,0.034,149274.416,22248,2084,20164,0.0176,3.9e-06,2.78e-08,0.0176,2.65e-05,5.36e-05,2.59e-08,8.01e-05,22453,24920,2785,5252,22248,149274.416,0,0,0,22
306,230,6,3.81,1.989,1.989,1024,512,4,5.799,40,0.5,True,0.0284,149274.416,22248,2084,20164,0.0147,1.85e-06,2.78e-08,0.0147,1.33e-05,2.68e-05,3.81e-08,4.01e-05,22453,24920,2785,5252,22248,149274.416,0,0,0,20
307,231,7,3.832,2.966,2.966,1024,512,4,6.798,40,0.5,True,0.0243,149274.416,22248,2084,20164,0.0126,1.85e-06,2.78e-08,0.0126,1.33e-05,2.68e-05,3.81e-08,4.01e-05,22453,24920,2785,5252,22248,149274.416,0,0,0,22
308,232,4,3.872,-0.076,-0.076,1024,512,8,3.796,40,0.5,True,0.0698,193563.1424,28650,2745,25905,0.0289,4.99e-06,3.63e-08,0.0289,3.32e-05,6.63e-05,3.15e-08,9.96e-05,28875,32886,3849,7860,28650,193563.1424,0,0,0,24
309,233,5,3.872,0.924,0.924,1024,512,8,4.796,40,0.5,True,0.0559,193563.1424,28650,2745,25905,0.0231,4.99e-06,3.63e-08,0.0231,3.32e-05,6.63e-05,3.15e-08,9.96e-05,28875,32886,3849,7860,28650,193563.1424,0,0,0,23
31,234,7,4.01,2.779,2.779,128,64,32,6.789,40,0.5,True,0.0573,1824968.3008,64876,6432,58444,0.0383,6.61e-06,8.35e-08,0.0383,4.03e-05,7.95e-05,7.33e-08,0.00012,64980,78161,9571,22752,64876,1824968.3008,0,0,0,41
310,235,6,3.872,1.924,1.924,1024,512,8,5.795999999999999,40,0.5,True,0.0466,193563.1424,28650,2745,25905,0.0192,2.52e-06,3.63e-08,0.0193,1.75e-05,3.49e-05,4.38e-08,5.24e-05,28875,32886,3849,7860,28650,193563.1424,0,0,0,25
311,236,7,3.872,2.924,2.924,1024,512,8,6.795999999999999,40,0.5,True,0.04,193563.1424,28650,2745,25905,0.0165,2.52e-06,3.63e-08,0.0165,1.75e-05,3.49e-05,4.38e-08,5.24e-05,28875,32886,3849,7860,28650,193563.1424,0,0,0,24
312,237,4,4.017,-0.229,-0.229,1024,512,16,3.7880000000000003,40,0.5,True,0.123,278130.4992,41263,3988,37275,0.0418,7.22e-06,5.22e-08,0.0418,4.64e-05,9.25e-05,4.09e-08,0.000139,41529,48612,5735,12818,41263,278130.4992,0,0,0,29
313,238,5,4.017,0.771,0.771,1024,512,16,4.788,40,0.5,True,0.0989,278130.4992,41263,3988,37275,0.0334,7.22e-06,5.22e-08,0.0334,4.64e-05,9.25e-05,4.09e-08,0.000139,41529,48612,5735,12818,41263,278130.4992,0,0,0,31
314,239,6,4.017,1.771,1.771,1024,512,16,5.788,40,0.5,True,0.0825,278130.4992,41263,3988,37275,0.0278,3.95e-06,5.22e-08,0.0278,2.59e-05,5.12e-05,5.43e-08,7.72e-05,41529,48612,5735,12818,41263,278130.4992,0,0,0,29
315,240,7,4.017,2.771,2.771,1024,512,16,6.788,40,0.5,True,0.0708,278130.4992,41263,3988,37275,0.0239,3.95e-06,5.22e-08,0.0239,2.59e-05,5.12e-05,5.43e-08,7.72e-05,41529,48612,5735,12818,41263,278130.4992,0,0,0,31
316,241,4,4.069,-0.284,-0.284,1024,512,32,3.785,40,0.5,True,0.231,443741.8336,65923,6462,59461,0.0674,1.13e-05,8.39e-08,0.0674,7.11e-05,0.000139,5.89e-08,0.00021,66272,79483,9874,23085,65923,443741.8336,0,0,0,43
317,242,5,4.259,0.516,0.516,1024,512,32,4.775,40,0.5,True,0.185,443741.8336,65923,6462,59461,0.0539,1.13e-05,8.39e-08,0.0539,7.11e-05,0.000139,5.89e-08,0.00021,66272,79483,9874,23085,65923,443741.8336,0,0,0,43
318,243,6,4.449,1.316,1.316,1024,512,32,5.765,40,0.5,True,0.154,443741.8336,65923,6462,59461,0.0449,6.6e-06,8.39e-08,0.0449,4.14e-05,8.08e-05,7.26e-08,0.000122,66272,79483,9874,23085,65923,443741.8336,0,0,0,43
319,244,7,4.639,2.116,2.116,1024,512,32,6.755000000000001,40,0.5,True,0.132,443741.8336,65923,6462,59461,0.0385,6.6e-06,8.39e-08,0.0385,4.14e-05,8.08e-05,7.26e-08,0.000122,66272,79483,9874,23085,65923,443741.8336,0,0,0,43
32,245,4,3.81,-0.011,-0.011,256,64,4,3.799,40,0.5,True,0.028,403819.2656,21024,2057,18967,0.0217,3.76e-06,2.74e-08,0.0217,2.53e-05,5.04e-05,2.54e-08,7.57e-05,21232,23671,2741,5180,21024,403819.2656,0,0,0,20
320,246,4,3.821,-0.022,-0.022,64,512,4,3.7990000000000004,40,0.5,True,0.0308,234792.0912,22158,2076,20082,0.0219,3.91e-06,2.77e-08,0.0219,2.63e-05,5.29e-05,2.55e-08,7.92e-05,22332,24791,2752,5211,22158,234792.0912,0,0,0,21
321,247,5,3.81,0.989,0.989,64,1024,4,4.799,40,0.5,True,0.0302,236162.1552,22130,2084,20046,0.0176,3.85e-06,2.78e-08,0.0176,2.68e-05,5.35e-05,2.63e-08,8.04e-05,22334,24801,2797,5264,22130,236162.1552,0,0,0,20
322,248,6,3.81,1.989,1.989,64,1024,4,5.799,40,0.5,True,0.0252,236162.1552,22130,2084,20046,0.0147,1.81e-06,2.78e-08,0.0147,1.34e-05,2.7e-05,3.86e-08,4.04e-05,22334,24801,2797,5264,22130,236162.1552,0,0,0,22
323,249,7,3.832,2.966,2.966,64,1024,4,6.798,40,0.5,True,0.0216,236162.1552,22130,2084,20046,0.0126,1.81e-06,2.78e-08,0.0126,1.34e-05,2.7e-05,3.86e-08,4.04e-05,22334,24801,2797,5264,22130,236162.1552,0,0,0,21
324,250,4,3.872,-0.076,-0.076,64,1024,8,3.796,40,0.5,True,0.0602,368144.3936,28855,2745,26110,0.0289,5.17e-06,3.63e-08,0.0289,3.37e-05,6.77e-05,3.13e-08,0.000101,29079,33090,3832,7843,28855,368144.3936,0,0,0,24
325,251,5,3.872,0.924,0.924,64,1024,8,4.796,40,0.5,True,0.0482,368144.3936,28855,2745,26110,0.0231,5.17e-06,3.63e-08,0.0231,3.37e-05,6.77e-05,3.13e-08,0.000101,29079,33090,3832,7843,28855,368144.3936,0,0,0,24
326,252,6,3.872,1.924,1.924,64,1024,8,5.795999999999999,40,0.5,True,0.0402,368144.3936,28855,2745,26110,0.0192,2.64e-06,3.63e-08,0.0193,1.77e-05,3.56e-05,4.39e-08,5.34e-05,29079,33090,3832,7843,28855,368144.3936,0,0,0,25
327,253,7,3.872,2.924,2.924,64,1024,8,6.795999999999999,40,0.5,True,0.0345,368144.3936,28855,2745,26110,0.0165,2.64e-06,3.63e-08,0.0165,1.77e-05,3.56e-05,4.39e-08,5.34e-05,29079,33090,3832,7843,28855,368144.3936,0,0,0,25
328,254,4,3.864,-0.067,-0.067,64,1024,16,3.7969999999999997,40,0.5,True,0.104,626216.9696,41484,3985,37499,0.0417,7.19e-06,5.22e-08,0.0417,4.71e-05,9.41e-05,4.16e-08,0.000141,41749,48832,5728,12811,41484,626216.9696,0,0,0,31
329,255,5,3.864,0.933,0.933,64,1024,16,4.797,40,0.5,True,0.0835,626216.9696,41484,3985,37499,0.0334,7.19e-06,5.22e-08,0.0334,4.71e-05,9.41e-05,4.16e-08,0.000141,41749,48832,5728,12811,41484,626216.9696,0,0,0,29
33,256,5,3.81,0.989,0.989,256,64,4,4.799,40,0.5,True,0.0224,403819.2656,21024,2057,18967,0.0174,3.76e-06,2.74e-08,0.0174,2.53e-05,5.04e-05,2.54e-08,7.57e-05,21232,23671,2741,5180,21024,403819.2656,0,0,0,20
330,257,6,3.864,1.933,1.933,64,1024,16,5.797,40,0.5,True,0.0697,626216.9696,41484,3985,37499,0.0278,3.94e-06,5.21e-08,0.0278,2.63e-05,5.22e-05,5.45e-08,7.86e-05,41749,48832,5728,12811,41484,626216.9696,0,0,0,31
331,258,7,3.864,2.933,2.933,64,1024,16,6.797,40,0.5,True,0.0598,626216.9696,41484,3985,37499,0.0238,3.94e-06,5.21e-08,0.0239,2.63e-05,5.22e-05,5.45e-08,7.86e-05,41749,48832,5728,12811,41484,626216.9696,0,0,0,29
332,259,4,3.96,-0.168,-0.168,64,1024,32,3.792,40,0.5,True,0.192,1140662.992,65942,6465,59477,0.0674,1.16e-05,8.4e-08,0.0674,7.23e-05,0.000143,5.98e-08,0.000216,66290,79501,9869,23080,65942,1140662.992,0,0,0,42
333,260,5,3.96,0.832,0.832,64,1024,32,4.792,40,0.5,True,0.154,1140662.992,65942,6465,59477,0.054,1.16e-05,8.4e-08,0.054,7.23e-05,0.000143,5.98e-08,0.000216,66290,79501,9869,23080,65942,1140662.992,0,0,0,41
334,261,6,3.96,1.832,1.832,64,1024,32,5.792,40,0.5,True,0.129,1140662.992,65942,6465,59477,0.045,6.82e-06,8.4e-08,0.045,4.2e-05,8.31e-05,7.34e-08,0.000125,66290,79501,9869,23080,65942,1140662.992,0,0,0,42
335,262,7,3.96,2.832,2.832,64,1024,32,6.792,40,0.5,True,0.11,1140662.992,65942,6465,59477,0.0385,6.82e-06,8.4e-08,0.0385,4.2e-05,8.31e-05,7.34e-08,0.000125,66290,79501,9869,23080,65942,1140662.992,0,0,0,42
336,263,4,3.866,-0.069,-0.069,128,1024,4,3.797,40,0.5,True,0.0377,235421.4448,22137,2086,20051,0.022,3.78e-06,2.78e-08,0.022,2.65e-05,5.34e-05,2.62e-08,7.99e-05,22341,24810,2801,5270,22137,235421.4448,0,0,0,21
337,264,5,3.866,0.931,0.931,128,1024,4,4.797000000000001,40,0.5,True,0.0302,235421.4448,22137,2086,20051,0.0176,3.78e-06,2.78e-08,0.0176,2.65e-05,5.34e-05,2.62e-08,7.99e-05,22341,24810,2801,5270,22137,235421.4448,0,0,0,22
338,265,6,3.866,1.931,1.931,128,1024,4,5.797000000000001,40,0.5,True,0.0252,235421.4448,22137,2086,20051,0.0147,1.8e-06,2.78e-08,0.0147,1.33e-05,2.68e-05,3.8e-08,4.01e-05,22341,24810,2801,5270,22137,235421.4448,0,0,0,21
339,266,7,3.866,2.931,2.931,128,1024,4,6.797000000000001,40,0.5,True,0.0216,235421.4448,22137,2086,20051,0.0126,1.8e-06,2.78e-08,0.0126,1.33e-05,2.68e-05,3.8e-08,4.01e-05,22341,24810,2801,5270,22137,235421.4448,0,0,0,22
34,267,6,3.81,1.989,1.989,256,64,4,5.799,40,0.5,True,0.0187,403819.2656,21024,2057,18967,0.0145,1.76e-06,2.74e-08,0.0145,1.26e-05,2.55e-05,3.72e-08,3.82e-05,21232,23671,2741,5180,21024,403819.2656,0,0,0,20
340,268,4,3.872,-0.076,-0.076,128,1024,8,3.796,40,0.5,True,0.0602,368373.3632,28927,2747,26180,0.0289,5.16e-06,3.63e-08,0.0289,3.37e-05,6.77e-05,3.14e-08,0.000101,29151,33164,3836,7849,28927,368373.3632,0,0,0,25
341,269,5,3.872,0.924,0.924,128,1024,8,4.796,40,0.5,True,0.0482,368373.3632,28927,2747,26180,0.0231,5.16e-06,3.63e-08,0.0231,3.37e-05,6.77e-05,3.14e-08,0.000101,29151,33164,3836,7849,28927,368373.3632,0,0,0,25
342,270,6,3.872,1.924,1.924,128,1024,8,5.795999999999999,40,0.5,True,0.0402,368373.3632,28927,2747,26180,0.0193,2.64e-06,3.63e-08,0.0193,1.77e-05,3.56e-05,4.4e-08,5.34e-05,29151,33164,3836,7849,28927,368373.3632,0,0,0,24
343,271,7,3.872,2.924,2.924,128,1024,8,6.795999999999999,40,0.5,True,0.0345,368373.3632,28927,2747,26180,0.0165,2.64e-06,3.63e-08,0.0165,1.77e-05,3.56e-05,4.4e-08,5.34e-05,29151,33164,3836,7849,28927,368373.3632,0,0,0,24
344,272,4,3.864,-0.067,-0.067,128,1024,16,3.7969999999999997,40,0.5,True,0.104,626146.9024,41492,3987,37505,0.0418,7.16e-06,5.22e-08,0.0418,4.7e-05,9.39e-05,4.15e-08,0.000141,41757,48842,5732,12817,41492,626146.9024,0,0,0,31
345,273,5,3.864,0.933,0.933,128,1024,16,4.797,40,0.5,True,0.0835,626146.9024,41492,3987,37505,0.0334,7.16e-06,5.22e-08,0.0334,4.7e-05,9.39e-05,4.15e-08,0.000141,41757,48842,5732,12817,41492,626146.9024,0,0,0,29
346,274,6,3.864,1.933,1.933,128,1024,16,5.797,40,0.5,True,0.0697,626146.9024,41492,3987,37505,0.0278,3.94e-06,5.22e-08,0.0278,2.63e-05,5.22e-05,5.43e-08,7.85e-05,41757,48842,5732,12817,41492,626146.9024,0,0,0,31
347,275,7,3.864,2.933,2.933,128,1024,16,6.797,40,0.5,True,0.0598,626146.9024,41492,3987,37505,0.0239,3.94e-06,5.22e-08,0.0239,2.63e-05,5.22e-05,5.43e-08,7.85e-05,41757,48842,5732,12817,41492,626146.9024,0,0,0,30
348,276,4,3.96,-0.168,-0.168,128,1024,32,3.792,40,0.5,True,0.192,1139030.176,66053,6467,59586,0.0675,1.16e-05,8.4e-08,0.0675,7.18e-05,0.000142,5.93e-08,0.000214,66401,79614,9873,23086,66053,1139030.176,0,0,0,41
349,277,5,3.96,0.832,0.832,128,1024,32,4.792,40,0.5,True,0.154,1139030.176,66053,6467,59586,0.054,1.16e-05,8.4e-08,0.054,7.18e-05,0.000142,5.93e-08,0.000214,66401,79614,9873,23086,66053,1139030.176,0,0,0,40
35,278,7,3.825,2.974,2.974,256,64,4,6.799,40,0.5,True,0.016,403819.2656,21024,2057,18967,0.0124,1.76e-06,2.74e-08,0.0124,1.26e-05,2.55e-05,3.72e-08,3.82e-05,21232,23671,2741,5180,21024,403819.2656,0,0,0,21
350,279,6,3.96,1.832,1.832,128,1024,32,5.792,40,0.5,True,0.129,1139030.176,66053,6467,59586,0.045,6.81e-06,8.4e-08,0.045,4.18e-05,8.25e-05,7.34e-08,0.000124,66401,79614,9873,23086,66053,1139030.176,0,0,0,40
351,280,7,3.96,2.832,2.832,128,1024,32,6.792,40,0.5,True,0.11,1139030.176,66053,6467,59586,0.0385,6.81e-06,8.4e-08,0.0386,4.18e-05,8.25e-05,7.34e-08,0.000124,66401,79614,9873,23086,66053,1139030.176,0,0,0,41
352,281,4,3.81,-0.011,-0.011,256,1024,4,3.799,40,0.5,True,0.0398,323328.912,22189,2088,20101,0.0221,3.88e-06,2.78e-08,0.0221,2.68e-05,5.37e-05,2.65e-08,8.05e-05,22424,24895,2839,5310,22189,323328.912,0,0,0,22
353,282,5,3.81,0.989,0.989,256,1024,4,4.799,40,0.5,True,0.0319,323328.912,22189,2088,20101,0.0176,3.88e-06,2.78e-08,0.0177,2.68e-05,5.37e-05,2.65e-08,8.05e-05,22424,24895,2839,5310,22189,323328.912,0,0,0,21
354,283,6,3.81,1.989,1.989,256,1024,4,5.799,40,0.5,True,0.0266,323328.912,22189,2088,20101,0.0147,1.83e-06,2.78e-08,0.0147,1.34e-05,2.7e-05,3.88e-08,4.04e-05,22424,24895,2839,5310,22189,323328.912,0,0,0,22
355,284,7,3.832,2.966,2.966,256,1024,4,6.798,40,0.5,True,0.0228,323328.912,22189,2088,20101,0.0126,1.83e-06,2.78e-08,0.0126,1.34e-05,2.7e-05,3.88e-08,4.04e-05,22424,24895,2839,5310,22189,323328.912,0,0,0,22
356,285,4,3.872,-0.076,-0.076,256,1024,8,3.796,40,0.5,True,0.0643,541673.3856,29047,2749,26298,0.0289,5.15e-06,3.63e-08,0.0289,3.35e-05,6.73e-05,3.14e-08,0.000101,29333,33348,3918,7933,29047,541673.3856,0,0,0,24
357,286,5,3.872,0.924,0.924,256,1024,8,4.796,40,0.5,True,0.0515,541673.3856,29047,2749,26298,0.0231,5.15e-06,3.63e-08,0.0231,3.35e-05,6.73e-05,3.14e-08,0.000101,29333,33348,3918,7933,29047,541673.3856,0,0,0,24
358,287,6,3.872,1.924,1.924,256,1024,8,5.795999999999999,40,0.5,True,0.043,541673.3856,29047,2749,26298,0.0193,2.62e-06,3.63e-08,0.0193,1.76e-05,3.54e-05,4.4e-08,5.3e-05,29333,33348,3918,7933,29047,541673.3856,0,0,0,25
359,288,7,3.872,2.924,2.924,256,1024,8,6.795999999999999,40,0.5,True,0.0369,541673.3856,29047,2749,26298,0.0165,2.62e-06,3.63e-08,0.0165,1.76e-05,3.54e-05,4.4e-08,5.3e-05,29333,33348,3918,7933,29047,541673.3856,0,0,0,25
36,289,4,3.94,-0.147,-0.147,256,64,8,3.793,40,0.5,True,0.041,705863.4208,27229,2717,24512,0.0286,5.02e-06,3.59e-08,0.0286,3.07e-05,6.21e-05,3.06e-08,9.29e-05,27457,31440,3808,7791,27229,705863.4208,0,0,0,23
360,290,4,3.864,-0.067,-0.067,256,1024,16,3.7969999999999997,40,0.5,True,0.113,973632.7968,41775,3989,37786,0.0418,7.28e-06,5.22e-08,0.0418,4.75e-05,9.42e-05,4.08e-08,0.000142,42164,49251,5866,12953,41775,973632.7968,0,0,0,30
361,291,5,3.864,0.933,0.933,256,1024,16,4.797,40,0.5,True,0.0902,973632.7968,41775,3989,37786,0.0334,7.28e-06,5.22e-08,0.0334,4.75e-05,9.42e-05,4.08e-08,0.000142,42164,49251,5866,12953,41775,973632.7968,0,0,0,30
362,292,6,3.864,1.933,1.933,256,1024,16,5.797,40,0.5,True,0.0752,973632.7968,41775,3989,37786,0.0278,4.01e-06,5.22e-08,0.0279,2.66e-05,5.23e-05,5.37e-08,7.89e-05,42164,49251,5866,12953,41775,973632.7968,0,0,0,30
363,293,7,3.864,2.933,2.933,256,1024,16,6.797,40,0.5,True,0.0645,973632.7968,41775,3989,37786,0.0239,4.01e-06,5.22e-08,0.0239,2.66e-05,5.23e-05,5.37e-08,7.89e-05,42164,49251,5866,12953,41775,973632.7968,0,0,0,29
364,294,4,3.97,-0.179,-0.179,256,1024,32,3.7910000000000004,40,0.5,True,0.209,1836066.4448,66687,6469,60218,0.0675,1.15e-05,8.4e-08,0.0675,7.13e-05,0.000143,6.03e-08,0.000214,67283,80498,10135,23350,66687,1836066.4448,0,0,0,42
365,295,5,4.16,0.621,0.621,256,1024,32,4.781000000000001,40,0.5,True,0.167,1836066.4448,66687,6469,60218,0.054,1.15e-05,8.4e-08,0.054,7.13e-05,0.000143,6.03e-08,0.000214,67283,80498,10135,23350,66687,1836066.4448,0,0,0,42
366,296,6,4.35,1.421,1.421,256,1024,32,5.771,40,0.5,True,0.14,1836066.4448,66687,6469,60218,0.045,6.77e-06,8.4e-08,0.045,4.15e-05,8.27e-05,7.43e-08,0.000124,67283,80498,10135,23350,66687,1836066.4448,0,0,0,42
367,297,7,4.54,2.221,2.221,256,1024,32,6.761,40,0.5,True,0.12,1836066.4448,66687,6469,60218,0.0386,6.77e-06,8.4e-08,0.0386,4.15e-05,8.27e-05,7.43e-08,0.000124,67283,80498,10135,23350,66687,1836066.4448,0,0,0,42
368,298,4,3.81,-0.011,-0.011,512,1024,4,3.799,40,0.5,True,0.0425,149834.9536,22187,2090,20097,0.0221,3.86e-06,2.79e-08,0.0221,2.69e-05,5.36e-05,2.64e-08,8.05e-05,22391,24864,2809,5282,22187,149834.9536,0,0,0,22
369,299,5,3.81,0.989,0.989,512,1024,4,4.799,40,0.5,True,0.0341,149834.9536,22187,2090,20097,0.0177,3.86e-06,2.79e-08,0.0177,2.69e-05,5.36e-05,2.64e-08,8.05e-05,22391,24864,2809,5282,22187,149834.9536,0,0,0,20
37,300,5,3.94,0.853,0.853,256,64,8,4.793,40,0.5,True,0.0329,705863.4208,27229,2717,24512,0.0229,5.02e-06,3.59e-08,0.0229,3.07e-05,6.21e-05,3.06e-08,9.29e-05,27457,31440,3808,7791,27229,705863.4208,0,0,0,21
370,301,6,3.81,1.989,1.989,512,1024,4,5.799,40,0.5,True,0.0284,149834.9536,22187,2090,20097,0.0147,1.83e-06,2.79e-08,0.0147,1.34e-05,2.7e-05,3.88e-08,4.04e-05,22391,24864,2809,5282,22187,149834.9536,0,0,0,22
371,302,7,3.832,2.966,2.966,512,1024,4,6.798,40,0.5,True,0.0243,149834.9536,22187,2090,20097,0.0126,1.83e-06,2.79e-08,0.0126,1.34e-05,2.7e-05,3.88e-08,4.04e-05,22391,24864,2809,5282,22187,149834.9536,0,0,0,21
372,303,4,3.94,-0.147,-0.147,512,1024,8,3.793,40,0.5,True,0.0697,192906.2624,28774,2751,26023,0.0289,5.04e-06,3.64e-08,0.0289,3.3e-05,6.62e-05,3.07e-08,9.92e-05,28998,33015,3856,7873,28774,192906.2624,0,0,0,24
373,304,5,3.94,0.853,0.853,512,1024,8,4.793,40,0.5,True,0.0559,192906.2624,28774,2751,26023,0.0232,5.04e-06,3.64e-08,0.0232,3.3e-05,6.62e-05,3.07e-08,9.92e-05,28998,33015,3856,7873,28774,192906.2624,0,0,0,23
374,305,6,3.94,1.853,1.853,512,1024,8,5.793,40,0.5,True,0.0466,192906.2624,28774,2751,26023,0.0193,2.59e-06,3.64e-08,0.0193,1.73e-05,3.47e-05,4.29e-08,5.2e-05,28998,33015,3856,7873,28774,192906.2624,0,0,0,24
375,306,7,3.94,2.853,2.853,512,1024,8,6.793,40,0.5,True,0.04,192906.2624,28774,2751,26023,0.0165,2.59e-06,3.64e-08,0.0165,1.73e-05,3.47e-05,4.29e-08,5.2e-05,28998,33015,3856,7873,28774,192906.2624,0,0,0,24
376,307,4,3.864,-0.067,-0.067,512,1024,16,3.7969999999999997,40,0.5,True,0.123,279601.9104,41499,3991,37508,0.0418,7.23e-06,5.22e-08,0.0418,4.68e-05,9.36e-05,4.14e-08,0.00014,41764,48853,5866,12955,41499,279601.9104,0,0,0,29
377,308,5,3.864,0.933,0.933,512,1024,16,4.797,40,0.5,True,0.0988,279601.9104,41499,3991,37508,0.0334,7.23e-06,5.22e-08,0.0334,4.68e-05,9.36e-05,4.14e-08,0.00014,41764,48853,5866,12955,41499,279601.9104,0,0,0,31
378,309,6,3.864,1.933,1.933,512,1024,16,5.797,40,0.5,True,0.0824,279601.9104,41499,3991,37508,0.0279,3.97e-06,5.22e-08,0.0279,2.63e-05,5.22e-05,5.41e-08,7.85e-05,41764,48853,5866,12955,41499,279601.9104,0,0,0,30
379,310,7,3.864,2.933,2.933,512,1024,16,6.797,40,0.5,True,0.0707,279601.9104,41499,3991,37508,0.0239,3.97e-06,5.22e-08,0.0239,2.63e-05,5.22e-05,5.41e-08,7.85e-05,41764,48853,5866,12955,41499,279601.9104,0,0,0,29
38,311,6,3.94,1.853,1.853,256,64,8,5.793,40,0.5,True,0.0274,705863.4208,27229,2717,24512,0.0191,2.5e-06,3.59e-08,0.0191,1.62e-05,3.28e-05,4.21e-08,4.91e-05,27457,31440,3808,7791,27229,705863.4208,0,0,0,23
380,312,4,3.978,-0.188,-0.188,512,1024,32,3.79,40,0.5,True,0.231,446583.3088,66241,6471,59770,0.0675,1.14e-05,8.41e-08,0.0675,7.11e-05,0.000141,5.96e-08,0.000213,66589,79806,9881,23098,66241,446583.3088,0,0,0,42
381,313,5,3.978,0.812,0.812,512,1024,32,4.79,40,0.5,True,0.185,446583.3088,66241,6471,59770,0.054,1.14e-05,8.41e-08,0.054,7.11e-05,0.000141,5.96e-08,0.000213,66589,79806,9881,23098,66241,446583.3088,0,0,0,43
382,314,6,3.978,1.812,1.812,512,1024,32,5.79,40,0.5,True,0.154,446583.3088,66241,6471,59770,0.045,6.74e-06,8.4e-08,0.045,4.14e-05,8.22e-05,7.36e-08,0.000124,66589,79806,9881,23098,66241,446583.3088,0,0,0,42
383,315,7,3.978,2.812,2.812,512,1024,32,6.79,40,0.5,True,0.132,446583.3088,66241,6471,59770,0.0386,6.74e-06,8.4e-08,0.0386,4.14e-05,8.22e-05,7.36e-08,0.000124,66589,79806,9881,23098,66241,446583.3088,0,0,0,43
384,316,4,3.81,-0.011,-0.011,1024,1024,4,3.799,40,0.5,True,0.0493,149928.7936,22217,2092,20125,0.0221,3.88e-06,2.79e-08,0.0221,2.68e-05,5.35e-05,2.64e-08,8.03e-05,22452,24927,2847,5322,22217,149928.7936,0,0,0,20
385,317,5,3.81,0.989,0.989,1024,1024,4,4.799,40,0.5,True,0.0395,149928.7936,22217,2092,20125,0.0177,3.88e-06,2.79e-08,0.0177,2.68e-05,5.35e-05,2.64e-08,8.03e-05,22452,24927,2847,5322,22217,149928.7936,0,0,0,22
386,318,6,3.81,1.989,1.989,1024,1024,4,5.799,40,0.5,True,0.0329,149928.7936,22217,2092,20125,0.0147,1.83e-06,2.79e-08,0.0147,1.34e-05,2.7e-05,3.87e-08,4.04e-05,22452,24927,2847,5322,22217,149928.7936,0,0,0,20
387,319,7,3.832,2.966,2.966,1024,1024,4,6.798,40,0.5,True,0.0283,149928.7936,22217,2092,20125,0.0126,1.83e-06,2.79e-08,0.0126,1.34e-05,2.7e-05,3.87e-08,4.04e-05,22452,24927,2847,5322,22217,149928.7936,0,0,0,21
388,320,4,3.94,-0.147,-0.147,1024,1024,8,3.793,40,0.5,True,0.0834,193689.5136,28929,2753,26176,0.029,5.13e-06,3.64e-08,0.029,3.29e-05,6.64e-05,3.08e-08,9.94e-05,29215,33234,3926,7945,28929,193689.5136,0,0,0,25
389,321,5,3.94,0.853,0.853,1024,1024,8,4.793,40,0.5,True,0.0668,193689.5136,28929,2753,26176,0.0232,5.13e-06,3.64e-08,0.0232,3.29e-05,6.64e-05,3.08e-08,9.94e-05,29215,33234,3926,7945,28929,193689.5136,0,0,0,24
39,322,7,3.94,2.853,2.853,256,64,8,6.793,40,0.5,True,0.0235,705863.4208,27229,2717,24512,0.0163,2.5e-06,3.59e-08,0.0163,1.62e-05,3.28e-05,4.21e-08,4.91e-05,27457,31440,3808,7791,27229,705863.4208,0,0,0,22
390,323,6,3.94,1.853,1.853,1024,1024,8,5.793,40,0.5,True,0.0557,193689.5136,28929,2753,26176,0.0193,2.61e-06,3.64e-08,0.0193,1.72e-05,3.47e-05,4.33e-08,5.2e-05,29215,33234,3926,7945,28929,193689.5136,0,0,0,24
391,324,7,3.94,2.853,2.853,1024,1024,8,6.793,40,0.5,True,0.0478,193689.5136,28929,2753,26176,0.0165,2.61e-06,3.64e-08,0.0166,1.72e-05,3.47e-05,4.33e-08,5.2e-05,29215,33234,3926,7945,28929,193689.5136,0,0,0,24
392,325,4,3.864,-0.067,-0.067,1024,1024,16,3.7969999999999997,40,0.5,True,0.151,280589.1072,41650,3993,37657,0.0418,7.21e-06,5.23e-08,0.0418,4.7e-05,9.43e-05,4.18e-08,0.000141,42039,49130,5874,12965,41650,280589.1072,0,0,0,30
393,326,5,3.864,0.933,0.933,1024,1024,16,4.797,40,0.5,True,0.121,280589.1072,41650,3993,37657,0.0335,7.21e-06,5.23e-08,0.0335,4.7e-05,9.43e-05,4.18e-08,0.000141,42039,49130,5874,12965,41650,280589.1072,0,0,0,30
394,327,6,3.864,1.933,1.933,1024,1024,16,5.797,40,0.5,True,0.101,280589.1072,41650,3993,37657,0.0279,3.95e-06,5.23e-08,0.0279,2.63e-05,5.23e-05,5.53e-08,7.87e-05,42039,49130,5874,12965,41650,280589.1072,0,0,0,30
395,328,7,3.864,2.933,2.933,1024,1024,16,6.797,40,0.5,True,0.0864,280589.1072,41650,3993,37657,0.0239,3.95e-06,5.23e-08,0.0239,2.63e-05,5.23e-05,5.53e-08,7.87e-05,42039,49130,5874,12965,41650,280589.1072,0,0,0,30
396,329,4,4.071,-0.286,-0.286,1024,1024,32,3.7849999999999997,40,0.5,True,0.285,449190.8096,66780,6473,60307,0.0675,1.16e-05,8.41e-08,0.0675,7.12e-05,0.000143,6.03e-08,0.000214,67376,80595,10143,23362,66780,449190.8096,0,0,0,40
397,330,5,4.261,0.514,0.514,1024,1024,32,4.775,40,0.5,True,0.228,449190.8096,66780,6473,60307,0.054,1.16e-05,8.41e-08,0.054,7.12e-05,0.000143,6.03e-08,0.000214,67376,80595,10143,23362,66780,449190.8096,0,0,0,40
398,331,6,4.451,1.314,1.314,1024,1024,32,5.765,40,0.5,True,0.191,449190.8096,66780,6473,60307,0.045,6.79e-06,8.41e-08,0.045,4.15e-05,8.27e-05,7.44e-08,0.000124,67376,80595,10143,23362,66780,449190.8096,0,0,0,39
399,332,7,4.641,2.114,2.114,1024,1024,32,6.755,40,0.5,True,0.164,449190.8096,66780,6473,60307,0.0386,6.79e-06,8.41e-08,0.0386,4.15e-05,8.27e-05,7.44e-08,0.000124,67376,80595,10143,23362,66780,449190.8096,0,0,0,39
4,333,4,3.861,-0.065,-0.065,64,64,8,3.7960000000000003,40,0.5,True,0.0369,532809.8848,27257,2713,24544,0.0285,4.93e-06,3.58e-08,0.0286,3.09e-05,6.26e-05,3.01e-08,9.35e-05,27423,31402,3709,7688,27257,532809.8848,0,0,0,21
40,334,4,3.864,-0.067,-0.067,256,64,16,3.7969999999999997,40,0.5,True,0.0663,1311370.592,39491,3957,35534,0.0414,7e-06,5.18e-08,0.0415,4.47e-05,8.88e-05,4.08e-08,0.000134,39760,46815,5812,12867,39491,1311370.592,0,0,0,29
400,335,4,3.81,-0.011,-0.011,64,1024,4,3.799,40,0.5,True,0.0377,236162.1552,22130,2084,20046,0.022,3.85e-06,2.78e-08,0.022,2.68e-05,5.35e-05,2.63e-08,8.04e-05,22334,24801,2797,5264,22130,236162.1552,0,0,0,21
41,336,5,3.864,0.933,0.933,256,64,16,4.797,40,0.5,True,0.0531,1311370.592,39491,3957,35534,0.0332,7e-06,5.18e-08,0.0332,4.47e-05,8.88e-05,4.08e-08,0.000134,39760,46815,5812,12867,39491,1311370.592,0,0,0,29
42,337,6,3.864,1.933,1.933,256,64,16,5.797,40,0.5,True,0.0442,1311370.592,39491,3957,35534,0.0276,3.83e-06,5.18e-08,0.0276,2.51e-05,4.98e-05,5.4e-08,7.5e-05,39760,46815,5812,12867,39491,1311370.592,0,0,0,28
43,338,7,3.864,2.933,2.933,256,64,16,6.797,40,0.5,True,0.0379,1311370.592,39491,3957,35534,0.0237,3.83e-06,5.18e-08,0.0237,2.51e-05,4.98e-05,5.4e-08,7.5e-05,39760,46815,5812,12867,39491,1311370.592,0,0,0,29
44,339,4,4.034,-0.246,-0.246,256,64,32,3.788,40,0.5,True,0.117,2519294.4704,65035,6434,58601,0.0671,1.09e-05,8.36e-08,0.0671,6.95e-05,0.000136,6.04e-08,0.000205,65387,78570,9833,23016,65035,2519294.4704,0,0,0,41
45,340,5,4.188,0.592,0.592,256,64,32,4.779999999999999,40,0.5,True,0.0935,2519294.4704,65035,6434,58601,0.0537,1.09e-05,8.36e-08,0.0537,6.95e-05,0.000136,6.04e-08,0.000205,65387,78570,9833,23016,65035,2519294.4704,0,0,0,40
46,341,6,4.378,1.392,1.392,256,64,32,5.77,40,0.5,True,0.0779,2519294.4704,65035,6434,58601,0.0447,6.38e-06,8.35e-08,0.0447,4.03e-05,7.91e-05,7.42e-08,0.00012,65387,78570,9833,23016,65035,2519294.4704,0,0,0,40
47,342,7,4.568,2.192,2.192,256,64,32,6.76,40,0.5,True,0.0668,2519294.4704,65035,6434,58601,0.0384,6.38e-06,8.35e-08,0.0384,4.03e-05,7.91e-05,7.42e-08,0.00012,65387,78570,9833,23016,65035,2519294.4704,0,0,0,41
48,343,4,3.866,-0.069,-0.069,512,64,4,3.797,40,0.5,True,0.0307,229642.152,21010,2059,18951,0.0218,3.73e-06,2.74e-08,0.0218,2.5e-05,5e-05,2.52e-08,7.5e-05,21187,23628,2711,5152,21010,229642.152,0,0,0,20
49,344,5,3.866,0.931,0.931,512,64,4,4.797000000000001,40,0.5,True,0.0246,229642.152,21010,2059,18951,0.0174,3.73e-06,2.74e-08,0.0174,2.5e-05,5e-05,2.52e-08,7.5e-05,21187,23628,2711,5152,21010,229642.152,0,0,0,20
5,345,5,3.861,0.935,0.935,64,64,8,4.796,40,0.5,True,0.0295,532809.8848,27257,2713,24544,0.0228,4.93e-06,3.58e-08,0.0228,3.09e-05,6.26e-05,3.01e-08,9.35e-05,27423,31402,3709,7688,27257,532809.8848,0,0,0,23
50,346,6,3.866,1.931,1.931,512,64,4,5.797000000000001,40,0.5,True,0.0205,229642.152,21010,2059,18951,0.0145,1.74e-06,2.74e-08,0.0145,1.25e-05,2.54e-05,3.67e-08,3.79e-05,21187,23628,2711,5152,21010,229642.152,0,0,0,21
51,347,7,3.866,2.931,2.931,512,64,4,6.797000000000001,40,0.5,True,0.0176,229642.152,21010,2059,18951,0.0124,1.74e-06,2.74e-08,0.0124,1.25e-05,2.54e-05,3.67e-08,3.79e-05,21187,23628,2711,5152,21010,229642.152,0,0,0,20
52,348,4,3.872,-0.076,-0.076,512,64,8,3.796,40,0.5,True,0.0464,360530.8416,27241,2719,24522,0.0286,5.03e-06,3.59e-08,0.0286,3.14e-05,6.33e-05,3.09e-08,9.47e-05,27407,31392,3721,7706,27241,360530.8416,0,0,0,23
53,349,5,3.872,0.924,0.924,512,64,8,4.796,40,0.5,True,0.0372,360530.8416,27241,2719,24522,0.0229,5.03e-06,3.59e-08,0.0229,3.14e-05,6.33e-05,3.09e-08,9.47e-05,27407,31392,3721,7706,27241,360530.8416,0,0,0,22
54,350,6,3.872,1.924,1.924,512,64,8,5.795999999999999,40,0.5,True,0.031,360530.8416,27241,2719,24522,0.0191,2.51e-06,3.59e-08,0.0191,1.67e-05,3.38e-05,4.25e-08,5.05e-05,27407,31392,3721,7706,27241,360530.8416,0,0,0,22
55,351,7,3.872,2.924,2.924,512,64,8,6.795999999999999,40,0.5,True,0.0266,360530.8416,27241,2719,24522,0.0163,2.51e-06,3.59e-08,0.0164,1.67e-05,3.38e-05,4.25e-08,5.05e-05,27407,31392,3721,7706,27241,360530.8416,0,0,0,22
56,352,4,3.849,-0.052,-0.052,512,64,16,3.797,40,0.5,True,0.077,616138.5536,39254,3959,35295,0.0415,6.93e-06,5.18e-08,0.0415,4.24e-05,8.36e-05,4.01e-08,0.000126,39399,46456,5686,12743,39254,616138.5536,0,0,0,28
57,353,5,3.849,0.948,0.948,512,64,16,4.797000000000001,40,0.5,True,0.0617,616138.5536,39254,3959,35295,0.0332,6.93e-06,5.18e-08,0.0332,4.24e-05,8.36e-05,4.01e-08,0.000126,39399,46456,5686,12743,39254,616138.5536,0,0,0,29
58,354,6,3.849,1.948,1.948,512,64,16,5.797000000000001,40,0.5,True,0.0514,616138.5536,39254,3959,35295,0.0276,3.83e-06,5.18e-08,0.0276,2.49e-05,4.94e-05,5.24e-08,7.43e-05,39399,46456,5686,12743,39254,616138.5536,0,0,0,28
59,355,7,3.849,2.948,2.948,512,64,16,6.797000000000001,40,0.5,True,0.0441,616138.5536,39254,3959,35295,0.0237,3.83e-06,5.18e-08,0.0237,2.49e-05,4.94e-05,5.24e-08,7.43e-05,39399,46456,5686,12743,39254,616138.5536,0,0,0,28
6,356,6,3.861,1.935,1.935,64,64,8,5.796,40,0.5,True,0.0246,532809.8848,27257,2713,24544,0.019,2.47e-06,3.58e-08,0.019,1.64e-05,3.33e-05,4.22e-08,4.97e-05,27423,31402,3709,7688,27257,532809.8848,0,0,0,21
60,357,4,4.01,-0.221,-0.221,512,64,32,3.7889999999999997,40,0.5,True,0.138,1131215.1808,64847,6436,58411,0.0671,1.13e-05,8.36e-08,0.0671,6.91e-05,0.000136,5.87e-08,0.000205,64951,78136,9579,22764,64847,1131215.1808,0,0,0,41
61,358,5,4.01,0.779,0.779,512,64,32,4.789,40,0.5,True,0.111,1131215.1808,64847,6436,58411,0.0537,1.13e-05,8.36e-08,0.0537,6.91e-05,0.000136,5.87e-08,0.000205,64951,78136,9579,22764,64847,1131215.1808,0,0,0,41
62,359,6,4.01,1.779,1.779,512,64,32,5.789,40,0.5,True,0.0923,1131215.1808,64847,6436,58411,0.0448,6.6e-06,8.36e-08,0.0448,4.03e-05,7.95e-05,7.31e-08,0.00012,64951,78136,9579,22764,64847,1131215.1808,0,0,0,40
63,360,7,4.01,2.779,2.779,512,64,32,6.789,40,0.5,True,0.0792,1131215.1808,64847,6436,58411,0.0384,6.6e-06,8.36e-08,0.0384,4.03e-05,7.95e-05,7.31e-08,0.00012,64951,78136,9579,22764,64847,1131215.1808,0,0,0,41
64,361,4,3.81,-0.011,-0.011,1024,64,4,3.799,40,0.5,True,0.0375,230341.5728,21033,2061,18972,0.0218,3.78e-06,2.75e-08,0.0218,2.52e-05,5.02e-05,2.53e-08,7.54e-05,21241,23684,2748,5191,21033,230341.5728,0,0,0,20
65,362,5,3.81,0.989,0.989,1024,64,4,4.799,40,0.5,True,0.03,230341.5728,21033,2061,18972,0.0174,3.78e-06,2.75e-08,0.0174,2.52e-05,5.02e-05,2.53e-08,7.54e-05,21241,23684,2748,5191,21033,230341.5728,0,0,0,20
66,363,6,3.81,1.989,1.989,1024,64,4,5.799,40,0.5,True,0.025,230341.5728,21033,2061,18972,0.0145,1.77e-06,2.75e-08,0.0145,1.26e-05,2.55e-05,3.7e-08,3.82e-05,21241,23684,2748,5191,21033,230341.5728,0,0,0,21
67,364,7,3.832,2.966,2.966,1024,64,4,6.798,40,0.5,True,0.0215,230341.5728,21033,2061,18972,0.0124,1.77e-06,2.75e-08,0.0124,1.26e-05,2.55e-05,3.7e-08,3.82e-05,21241,23684,2748,5191,21033,230341.5728,0,0,0,20
68,365,4,3.872,-0.076,-0.076,1024,64,8,3.796,40,0.5,True,0.0601,361160.1952,27372,2721,24651,0.0286,5.05e-06,3.6e-08,0.0286,3.13e-05,6.34e-05,3.13e-08,9.48e-05,27600,31587,3811,7798,27372,361160.1952,0,0,0,22
69,366,5,3.872,0.924,0.924,1024,64,8,4.796,40,0.5,True,0.0481,361160.1952,27372,2721,24651,0.0229,5.05e-06,3.6e-08,0.0229,3.13e-05,6.34e-05,3.13e-08,9.48e-05,27600,31587,3811,7798,27372,361160.1952,0,0,0,22
7,367,7,3.861,2.935,2.935,64,64,8,6.796,40,0.5,True,0.0211,532809.8848,27257,2713,24544,0.0163,2.47e-06,3.58e-08,0.0163,1.64e-05,3.33e-05,4.22e-08,4.97e-05,27423,31402,3709,7688,27257,532809.8848,0,0,0,23
70,368,6,3.872,1.924,1.924,1024,64,8,5.795999999999999,40,0.5,True,0.0401,361160.1952,27372,2721,24651,0.0191,2.52e-06,3.6e-08,0.0191,1.66e-05,3.38e-05,4.29e-08,5.04e-05,27600,31587,3811,7798,27372,361160.1952,0,0,0,24
71,369,7,3.872,2.924,2.924,1024,64,8,6.795999999999999,40,0.5,True,0.0344,361160.1952,27372,2721,24651,0.0164,2.52e-06,3.6e-08,0.0164,1.66e-05,3.38e-05,4.29e-08,5.04e-05,27600,31587,3811,7798,27372,361160.1952,0,0,0,23
72,370,4,3.864,-0.067,-0.067,1024,64,16,3.7969999999999997,40,0.5,True,0.104,618420.7424,39449,3961,35488,0.0415,7.02e-06,5.18e-08,0.0415,4.5e-05,8.89e-05,4.1e-08,0.000134,39718,46777,5820,12879,39449,618420.7424,0,0,0,29
73,371,5,3.864,0.933,0.933,1024,64,16,4.797,40,0.5,True,0.0836,618420.7424,39449,3961,35488,0.0332,7.02e-06,5.18e-08,0.0332,4.5e-05,8.89e-05,4.1e-08,0.000134,39718,46777,5820,12879,39449,618420.7424,0,0,0,29
74,372,6,3.864,1.933,1.933,1024,64,16,5.797,40,0.5,True,0.0697,618420.7424,39449,3961,35488,0.0277,3.85e-06,5.18e-08,0.0277,2.53e-05,4.99e-05,5.36e-08,7.52e-05,39718,46777,5820,12879,39449,618420.7424,0,0,0,28
75,373,7,3.864,2.933,2.933,1024,64,16,6.797,40,0.5,True,0.0598,618420.7424,39449,3961,35488,0.0237,3.85e-06,5.18e-08,0.0237,2.53e-05,4.99e-05,5.36e-08,7.52e-05,39718,46777,5820,12879,39449,618420.7424,0,0,0,29
76,374,4,4.098,-0.314,-0.314,1024,64,32,3.784,40,0.5,True,0.193,1130899.8784,65123,6438,58685,0.0672,1.09e-05,8.36e-08,0.0672,6.87e-05,0.000135,5.97e-08,0.000203,65475,78662,9841,23028,65123,1130899.8784,0,0,0,41
77,375,5,4.288,0.486,0.486,1024,64,32,4.774,40,0.5,True,0.154,1130899.8784,65123,6438,58685,0.0537,1.09e-05,8.36e-08,0.0537,6.87e-05,0.000135,5.97e-08,0.000203,65475,78662,9841,23028,65123,1130899.8784,0,0,0,41
78,376,6,4.478,1.286,1.286,1024,64,32,5.763999999999999,40,0.5,True,0.129,1130899.8784,65123,6438,58685,0.0448,6.38e-06,8.36e-08,0.0448,4.01e-05,7.89e-05,7.42e-08,0.000119,65475,78662,9841,23028,65123,1130899.8784,0,0,0,40
79,377,7,4.668,2.086,2.086,1024,64,32,6.754,40,0.5,True,0.11,1130899.8784,65123,6438,58685,0.0384,6.38e-06,8.36e-08,0.0384,4.01e-05,7.89e-05,7.42e-08,0.000119,65475,78662,9841,23028,65123,1130899.8784,0,0,0,41
8,378,4,3.849,-0.052,-0.052,64,64,16,3.797,40,0.5,True,0.058,963052.6496,39117,3953,35164,0.0414,7.02e-06,5.17e-08,0.0414,4.26e-05,8.4e-05,4.07e-08,0.000127,39262,46313,5556,12607,39117,963052.6496,0,0,0,28
80,379,4,3.81,-0.011,-0.011,64,64,4,3.799,40,0.5,True,0.0259,316258.3808,20888,2053,18835,0.0217,3.76e-06,2.74e-08,0.0217,2.51e-05,5.01e-05,2.52e-08,7.52e-05,21065,23500,2699,5134,20888,316258.3808,0,0,0,20
81,380,5,3.81,0.989,0.989,64,128,4,4.799,40,0.5,True,0.0208,317320.6496,21065,2063,19002,0.0174,3.78e-06,2.75e-08,0.0174,2.52e-05,5.05e-05,2.54e-08,7.58e-05,21241,23684,2730,5173,21065,317320.6496,0,0,0,20
82,381,6,3.81,1.989,1.989,64,128,4,5.799,40,0.5,True,0.0173,317320.6496,21065,2063,19002,0.0145,1.78e-06,2.75e-08,0.0145,1.26e-05,2.56e-05,3.72e-08,3.82e-05,21241,23684,2730,5173,21065,317320.6496,0,0,0,20
83,382,7,3.81,2.989,2.989,64,128,4,6.7989999999999995,40,0.5,True,0.0149,317320.6496,21065,2063,19002,0.0125,1.78e-06,2.75e-08,0.0125,1.26e-05,2.56e-05,3.72e-08,3.82e-05,21241,23684,2730,5173,21065,317320.6496,0,0,0,20
84,383,4,3.902,-0.108,-0.108,64,128,8,3.794,40,0.5,True,0.037,534222.4896,27502,2721,24781,0.0286,4.88e-06,3.6e-08,0.0286,3.13e-05,6.33e-05,3.06e-08,9.46e-05,27667,31654,3719,7706,27502,534222.4896,0,0,0,24
85,384,5,3.902,0.892,0.892,64,128,8,4.7940000000000005,40,0.5,True,0.0296,534222.4896,27502,2721,24781,0.0229,4.88e-06,3.6e-08,0.0229,3.13e-05,6.33e-05,3.06e-08,9.46e-05,27667,31654,3719,7706,27502,534222.4896,0,0,0,22
86,385,6,3.902,1.892,1.892,64,128,8,5.7940000000000005,40,0.5,True,0.0246,534222.4896,27502,2721,24781,0.0191,2.49e-06,3.59e-08,0.0191,1.65e-05,3.35e-05,4.3e-08,5.01e-05,27667,31654,3719,7706,27502,534222.4896,0,0,0,24
87,386,7,3.902,2.892,2.892,64,128,8,6.7940000000000005,40,0.5,True,0.0211,534222.4896,27502,2721,24781,0.0164,2.49e-06,3.59e-08,0.0164,1.65e-05,3.35e-05,4.3e-08,5.01e-05,27667,31654,3719,7706,27502,534222.4896,0,0,0,22
88,387,4,3.849,-0.052,-0.052,64,128,16,3.797,40,0.5,True,0.0581,969422.5088,40899,3961,36938,0.0415,7.1e-06,5.18e-08,0.0415,4.43e-05,8.75e-05,4.06e-08,0.000132,41043,48102,5691,12750,40899,969422.5088,0,0,0,29
89,388,5,3.849,0.948,0.948,64,128,16,4.797000000000001,40,0.5,True,0.0465,969422.5088,40899,3961,36938,0.0332,7.1e-06,5.18e-08,0.0332,4.43e-05,8.75e-05,4.06e-08,0.000132,41043,48102,5691,12750,40899,969422.5088,0,0,0,29
9,389,5,3.849,0.948,0.948,64,64,16,4.797000000000001,40,0.5,True,0.0464,963052.6496,39117,3953,35164,0.0331,7.02e-06,5.17e-08,0.0331,4.26e-05,8.4e-05,4.07e-08,0.000127,39262,46313,5556,12607,39117,963052.6496,0,0,0,27
90,390,6,3.849,1.948,1.948,64,128,16,5.797000000000001,40,0.5,True,0.0387,969422.5088,40899,3961,36938,0.0277,3.93e-06,5.18e-08,0.0277,2.59e-05,5.1e-05,5.28e-08,7.69e-05,41043,48102,5691,12750,40899,969422.5088,0,0,0,31
91,391,7,3.849,2.948,2.948,64,128,16,6.797000000000001,40,0.5,True,0.0332,969422.5088,40899,3961,36938,0.0237,3.93e-06,5.18e-08,0.0237,2.59e-05,5.1e-05,5.28e-08,7.69e-05,41043,48102,5691,12750,40899,969422.5088,0,0,0,30
92,392,4,3.933,-0.14,-0.14,64,128,32,3.7929999999999997,40,0.5,True,0.1,1828376.5696,64673,6438,58235,0.0672,1.11e-05,8.36e-08,0.0672,7.08e-05,0.000139,5.94e-08,0.00021,64776,77963,9578,22765,64673,1828376.5696,0,0,0,41
93,393,5,3.933,0.86,0.86,64,128,32,4.793,40,0.5,True,0.0803,1828376.5696,64673,6438,58235,0.0537,1.11e-05,8.36e-08,0.0537,7.08e-05,0.000139,5.94e-08,0.00021,64776,77963,9578,22765,64673,1828376.5696,0,0,0,41
94,394,6,3.933,1.86,1.86,64,128,32,5.793,40,0.5,True,0.0669,1828376.5696,64673,6438,58235,0.0448,6.48e-06,8.36e-08,0.0448,4.15e-05,8.12e-05,7.39e-08,0.000123,64776,77963,9578,22765,64673,1828376.5696,0,0,0,40
95,395,7,3.933,2.86,2.86,64,128,32,6.792999999999999,40,0.5,True,0.0574,1828376.5696,64673,6438,58235,0.0384,6.48e-06,8.36e-08,0.0384,4.15e-05,8.12e-05,7.39e-08,0.000123,64776,77963,9578,22765,64673,1828376.5696,0,0,0,40
96,396,4,3.821,-0.022,-0.022,128,128,4,3.7990000000000004,40,0.5,True,0.026,317213.0464,21068,2065,19003,0.0218,3.82e-06,2.75e-08,0.0218,2.51e-05,5.03e-05,2.52e-08,7.55e-05,21244,23689,2717,5162,21068,317213.0464,0,0,0,20
97,397,5,3.821,0.978,0.978,128,128,4,4.799,40,0.5,True,0.0208,317213.0464,21068,2065,19003,0.0175,3.82e-06,2.75e-08,0.0175,2.51e-05,5.03e-05,2.52e-08,7.55e-05,21244,23689,2717,5162,21068,317213.0464,0,0,0,20
98,398,6,3.821,1.978,1.978,128,128,4,5.799,40,0.5,True,0.0173,317213.0464,21068,2065,19003,0.0145,1.78e-06,2.75e-08,0.0145,1.25e-05,2.55e-05,3.71e-08,3.8e-05,21244,23689,2717,5162,21068,317213.0464,0,0,0,20
99,399,7,3.821,2.978,2.978,128,128,4,6.799,40,0.5,True,0.0149,317213.0464,21068,2065,19003,0.0125,1.78e-06,2.75e-08,0.0125,1.25e-05,2.55e-05,3.71e-08,3.8e-05,21244,23689,2717,5162,21068,317213.0464,0,0,0,20
