,unnamed:_0,gbus_width,n_embed,n_heads,n_cols,head_dim,max_context_length,core_wmem_size,core_cache_size,total_wmem_size,total_cache_size,clk_period,clk_min_period,slack,wmem_depth,cache_depth,total_mac_num,power(mw),area(um^2),token_delay(ms),token_per_second,energy_per_token(uj),val_loss
0,0,64,128,1,1,128,64,16384.0,8192.0,16384.0,8192.0,5.0,3.979,0.811,2048,1024,8,1.89,7924396.374393,13.935794944,71.75765745825255,0.02633865244416,4.8201
1,1,128,128,1,1,128,64,16384.0,8192.0,16384.0,8192.0,5.0,3.841,0.957,1024,512,16,2.04,8308384.649594,7.1593781760000015,139.67693498190195,0.01460513147904,4.8201
2,2,32,128,1,2,128,64,8192.0,4096.0,16384.0,8192.0,5.0,3.626,1.183,2048,1024,8,1.892,7940653.216002,12.699470336,78.74344154064727,0.024027397875712,4.8201
3,3,64,128,1,2,128,64,8192.0,4096.0,16384.0,8192.0,5.0,3.834,0.964,1024,512,16,2.14,8364434.656,7.146330624000002,139.931952860064,0.01529314753536,4.8201
4,4,128,128,1,2,128,64,8192.0,8192.0,16384.0,16384.0,5.0,3.841,0.957,512,512,32,3.06,11642168.262406,4.012830976000001,249.2006281801588,0.01227926278656,4.8201
5,5,16,128,1,4,128,64,4096.0,2048.0,16384.0,8192.0,5.0,3.734,1.069,2048,1024,8,1.908,8067622.489596,13.077722624,76.46591296903775,0.0249522947665919,4.8201
6,6,32,128,1,4,128,64,4096.0,2048.0,16384.0,8192.0,5.0,4.022,0.766,1024,512,16,2.132,8425770.982396,7.4967505920000015,133.39112562543147,0.015983072262144,4.8201
7,7,64,128,1,4,128,64,4096.0,4096.0,16384.0,16384.0,5.0,3.845,0.953,512,512,32,3.208,11734714.521596,4.0170099200000005,248.9413817529233,0.01288656782336,4.8201
8,8,128,128,1,4,128,64,8192.0,4096.0,32768.0,16384.0,5.0,3.716,1.089,512,256,64,5.08,18388415.948808,2.3601653760000003,423.69912302280966,0.01198964011008,4.8201
9,9,16,128,1,8,128,64,2048.0,1024.0,16384.0,8192.0,5.0,3.719,1.085,1024,512,16,2.176,8624761.830392,6.931977984,144.25896941798482,0.015083984093184,4.8201
10,10,32,128,1,8,128,64,2048.0,2048.0,16384.0,16384.0,5.0,4.129,0.654,512,512,32,3.192,11802159.206392,4.313714943999999,231.8187485686584,0.0137693781012479,4.8201
11,11,64,128,1,8,128,64,4096.0,2048.0,32768.0,16384.0,5.0,3.948,0.844,512,256,64,5.4,18565816.089592,2.5075169280000003,398.800896948521,0.0135405914112,4.8201
12,12,128,128,1,8,128,64,4096.0,2048.0,32768.0,16384.0,5.0,4.006,0.784,256,128,128,6.68,21888532.838392,1.723926016,580.0712969807632,0.01151582578688,4.8201
13,13,16,128,1,16,128,64,1024.0,1024.0,16384.0,16384.0,5.0,3.75,1.053,512,512,32,3.28,12300657.3056,3.91776,255.2478967573307,0.0128502528,4.8201
14,14,32,128,1,16,128,64,2048.0,1024.0,32768.0,16384.0,5.0,3.802,0.997,512,256,64,5.36,18813243.391984,2.414787072,414.1151870470176,0.01294325870592,4.8201
15,15,64,128,1,16,128,64,2048.0,1024.0,32768.0,16384.0,5.0,3.558,1.255,256,128,128,7.392,22293681.407984,1.531135488,653.1100662464692,0.011318153527296,4.8201
16,16,16,128,1,32,128,64,1024.0,512.0,32768.0,16384.0,5.0,3.723,1.081,512,256,64,5.568,19591429.7344,2.3646113280000005,422.9024821790923,0.013166155874304,4.8201
17,17,32,128,1,32,128,64,1024.0,512.0,32768.0,16384.0,5.0,3.564,1.249,256,128,128,7.392,22717788.16,1.5337175040000002,652.0105543504313,0.011337239789568,4.8201
62,62,32,128,2,1,64,64,8192.0,4096.0,16384.0,8192.0,5.0,3.626,1.183,2048,1024,8,1.892,7940653.216002,12.699470336,78.74344154064727,0.024027397875712,4.7986
63,63,64,128,2,1,64,64,8192.0,4096.0,16384.0,8192.0,5.0,3.834,0.964,1024,512,16,2.14,8364434.656,7.146330624000002,139.931952860064,0.01529314753536,4.7986
64,64,128,128,2,1,64,64,8192.0,8192.0,16384.0,16384.0,5.0,3.841,0.957,512,512,32,3.06,11642168.262406,4.012830976000001,249.2006281801588,0.01227926278656,4.7986
65,65,16,128,2,2,64,64,4096.0,2048.0,16384.0,8192.0,5.0,3.734,1.069,2048,1024,8,1.908,8067622.489596,13.077722624,76.46591296903775,0.0249522947665919,4.7986
66,66,32,128,2,2,64,64,4096.0,2048.0,16384.0,8192.0,5.0,4.022,0.766,1024,512,16,2.132,8425770.982396,7.4967505920000015,133.39112562543147,0.015983072262144,4.7986
67,67,64,128,2,2,64,64,4096.0,4096.0,16384.0,16384.0,5.0,3.845,0.953,512,512,32,3.208,11734714.521596,4.0170099200000005,248.9413817529233,0.01288656782336,4.7986
68,68,128,128,2,2,64,64,8192.0,4096.0,32768.0,16384.0,5.0,3.716,1.089,512,256,64,5.08,18388415.948808,2.3601653760000003,423.69912302280966,0.01198964011008,4.7986
69,69,16,128,2,4,64,64,2048.0,1024.0,16384.0,8192.0,5.0,3.719,1.085,1024,512,16,2.176,8624761.830392,6.931977984,144.25896941798482,0.015083984093184,4.7986
70,70,32,128,2,4,64,64,2048.0,2048.0,16384.0,16384.0,5.0,4.129,0.654,512,512,32,3.192,11802159.206392,4.313714943999999,231.8187485686584,0.0137693781012479,4.7986
71,71,64,128,2,4,64,64,4096.0,2048.0,32768.0,16384.0,5.0,3.948,0.844,512,256,64,5.4,18565816.089592,2.5075169280000003,398.800896948521,0.0135405914112,4.7986
72,72,128,128,2,4,64,64,4096.0,2048.0,32768.0,16384.0,5.0,4.006,0.784,256,128,128,6.68,21888532.838392,1.723926016,580.0712969807632,0.01151582578688,4.7986
73,73,16,128,2,8,64,64,1024.0,1024.0,16384.0,16384.0,5.0,3.75,1.053,512,512,32,3.28,12300657.3056,3.91776,255.2478967573307,0.0128502528,4.7986
74,74,32,128,2,8,64,64,2048.0,1024.0,32768.0,16384.0,5.0,3.802,0.997,512,256,64,5.36,18813243.391984,2.414787072,414.1151870470176,0.01294325870592,4.7986
75,75,64,128,2,8,64,64,2048.0,1024.0,32768.0,16384.0,5.0,3.558,1.255,256,128,128,7.392,22293681.407984,1.531135488,653.1100662464692,0.011318153527296,4.7986
76,76,16,128,2,16,64,64,1024.0,512.0,32768.0,16384.0,5.0,3.723,1.081,512,256,64,5.568,19591429.7344,2.3646113280000005,422.9024821790923,0.013166155874304,4.7986
77,77,32,128,2,16,64,64,1024.0,512.0,32768.0,16384.0,5.0,3.564,1.249,256,128,128,7.392,22717788.16,1.5337175040000002,652.0105543504313,0.011337239789568,4.7986
78,78,16,128,2,32,64,64,512.0,256.0,32768.0,16384.0,5.0,3.989,0.801,256,128,128,7.936,24280566.9888,1.716610304,582.5433982714809,0.013623019372544,4.7986
123,123,16,128,4,1,32,64,4096.0,2048.0,16384.0,8192.0,5.0,3.734,1.069,2048,1024,8,1.908,8067622.489596,13.077722624,76.46591296903775,0.0249522947665919,4.7808
124,124,32,128,4,1,32,64,4096.0,2048.0,16384.0,8192.0,5.0,4.022,0.766,1024,512,16,2.132,8425770.982396,7.4967505920000015,133.39112562543147,0.015983072262144,4.7808
125,125,64,128,4,1,32,64,4096.0,4096.0,16384.0,16384.0,5.0,3.845,0.953,512,512,32,3.208,11734714.521596,4.0170099200000005,248.9413817529233,0.01288656782336,4.7808
126,126,128,128,4,1,32,64,8192.0,4096.0,32768.0,16384.0,5.0,3.716,1.089,512,256,64,5.08,18388415.948808,2.3601653760000003,423.69912302280966,0.01198964011008,4.7808
127,127,16,128,4,2,32,64,2048.0,1024.0,16384.0,8192.0,5.0,3.719,1.085,1024,512,16,2.176,8624761.830392,6.931977984,144.25896941798482,0.015083984093184,4.7808
128,128,32,128,4,2,32,64,2048.0,2048.0,16384.0,16384.0,5.0,4.129,0.654,512,512,32,3.192,11802159.206392,4.313714943999999,231.8187485686584,0.0137693781012479,4.7808
129,129,64,128,4,2,32,64,4096.0,2048.0,32768.0,16384.0,5.0,3.948,0.844,512,256,64,5.4,18565816.089592,2.5075169280000003,398.800896948521,0.0135405914112,4.7808
130,130,128,128,4,2,32,64,4096.0,2048.0,32768.0,16384.0,5.0,4.006,0.784,256,128,128,6.68,21888532.838392,1.723926016,580.0712969807632,0.01151582578688,4.7808
131,131,16,128,4,4,32,64,1024.0,1024.0,16384.0,16384.0,5.0,3.75,1.053,512,512,32,3.28,12300657.3056,3.91776,255.2478967573307,0.0128502528,4.7808
132,132,32,128,4,4,32,64,2048.0,1024.0,32768.0,16384.0,5.0,3.802,0.997,512,256,64,5.36,18813243.391984,2.414787072,414.1151870470176,0.01294325870592,4.7808
133,133,64,128,4,4,32,64,2048.0,1024.0,32768.0,16384.0,5.0,3.558,1.255,256,128,128,7.392,22293681.407984,1.531135488,653.1100662464692,0.011318153527296,4.7808
134,134,16,128,4,8,32,64,1024.0,512.0,32768.0,16384.0,5.0,3.723,1.081,512,256,64,5.568,19591429.7344,2.3646113280000005,422.9024821790923,0.013166155874304,4.7808
135,135,32,128,4,8,32,64,1024.0,512.0,32768.0,16384.0,5.0,3.564,1.249,256,128,128,7.392,22717788.16,1.5337175040000002,652.0105543504313,0.011337239789568,4.7808
136,136,16,128,4,16,32,64,512.0,256.0,32768.0,16384.0,5.0,3.989,0.801,256,128,128,7.936,24280566.9888,1.716610304,582.5433982714809,0.013623019372544,4.7808
175,175,16,128,8,1,16,64,2048.0,1024.0,16384.0,8192.0,5.0,3.719,1.085,1024,512,16,2.176,8624761.830392,6.931977984,144.25896941798482,0.015083984093184,4.7829
176,176,32,128,8,1,16,64,2048.0,2048.0,16384.0,16384.0,5.0,4.129,0.654,512,512,32,3.192,11802159.206392,4.313714943999999,231.8187485686584,0.0137693781012479,4.7829
177,177,64,128,8,1,16,64,4096.0,2048.0,32768.0,16384.0,5.0,3.948,0.844,512,256,64,5.4,18565816.089592,2.5075169280000003,398.800896948521,0.0135405914112,4.7829
178,178,128,128,8,1,16,64,4096.0,2048.0,32768.0,16384.0,5.0,4.006,0.784,256,128,128,6.68,21888532.838392,1.723926016,580.0712969807632,0.01151582578688,4.7829
179,179,16,128,8,2,16,64,1024.0,1024.0,16384.0,16384.0,5.0,3.75,1.053,512,512,32,3.28,12300657.3056,3.91776,255.2478967573307,0.0128502528,4.7829
180,180,32,128,8,2,16,64,2048.0,1024.0,32768.0,16384.0,5.0,3.802,0.997,512,256,64,5.36,18813243.391984,2.414787072,414.1151870470176,0.01294325870592,4.7829
181,181,64,128,8,2,16,64,2048.0,1024.0,32768.0,16384.0,5.0,3.558,1.255,256,128,128,7.392,22293681.407984,1.531135488,653.1100662464692,0.011318153527296,4.7829
182,182,16,128,8,4,16,64,1024.0,512.0,32768.0,16384.0,5.0,3.723,1.081,512,256,64,5.568,19591429.7344,2.3646113280000005,422.9024821790923,0.013166155874304,4.7829
183,183,32,128,8,4,16,64,1024.0,512.0,32768.0,16384.0,5.0,3.564,1.249,256,128,128,7.392,22717788.16,1.5337175040000002,652.0105543504313,0.011337239789568,4.7829
184,184,16,128,8,8,16,64,512.0,256.0,32768.0,16384.0,5.0,3.989,0.801,256,128,128,7.936,24280566.9888,1.716610304,582.5433982714809,0.013623019372544,4.7829
214,214,128,192,1,2,192,64,24576.0,8192.0,49152.0,16384.0,5.0,3.844,0.954,1536,512,32,5.2,21595309.113602,8.802944512,113.5983532142932,0.0457753114624,4.708
215,215,64,192,1,4,192,64,12288.0,4096.0,49152.0,16384.0,5.0,3.834,0.964,1536,512,32,5.36,21663987.48158,8.780044032000001,113.89464521537376,0.04706103601152,4.708
216,216,128,192,1,4,192,64,16384.0,4096.0,65536.0,16384.0,5.0,3.737,1.066,1024,256,64,7.2,28363532.876788,5.159810432,193.80556963841576,0.0371506351103999,4.708
217,217,32,192,1,8,192,64,6144.0,2048.0,49152.0,16384.0,5.0,4.129,0.654,1536,512,32,5.336,21756536.2432,9.455608192,105.7573431232122,0.050455125312512,4.708
218,218,64,192,1,8,192,64,8192.0,2048.0,65536.0,16384.0,5.0,3.948,0.844,1024,256,64,7.544,28574595.3024,5.451145728000001,183.44767318610928,0.041123443372032,4.708
219,219,16,192,1,16,192,64,3072.0,1024.0,49152.0,16384.0,5.0,3.813,0.986,1536,512,32,5.44,22248718.284784,8.731953024000001,114.52191706156388,0.04750182445056,4.708
220,220,32,192,1,16,192,64,4096.0,1024.0,65536.0,16384.0,5.0,3.802,0.997,1024,256,64,7.536,28764347.289584,5.249558272000001,190.49221823744327,0.039560671137792,4.708
221,221,16,192,1,32,192,64,2048.0,512.0,65536.0,16384.0,5.0,3.723,1.081,1024,256,64,7.68,29605193.727968,5.140480128,194.53435770581777,0.03947888738304,4.708
242,242,128,192,2,1,96,64,24576.0,8192.0,49152.0,16384.0,5.0,3.844,0.954,1536,512,32,5.2,21595309.113602,8.802944512,113.5983532142932,0.0457753114624,4.6861
243,243,64,192,2,2,96,64,12288.0,4096.0,49152.0,16384.0,5.0,3.834,0.964,1536,512,32,5.36,21663987.48158,8.780044032000001,113.89464521537376,0.04706103601152,4.6861
244,244,128,192,2,2,96,64,16384.0,4096.0,65536.0,16384.0,5.0,3.737,1.066,1024,256,64,7.2,28363532.876788,5.159810432,193.80556963841576,0.0371506351103999,4.6861
245,245,32,192,2,4,96,64,6144.0,2048.0,49152.0,16384.0,5.0,4.129,0.654,1536,512,32,5.336,21756536.2432,9.455608192,105.7573431232122,0.050455125312512,4.6861
246,246,64,192,2,4,96,64,8192.0,2048.0,65536.0,16384.0,5.0,3.948,0.844,1024,256,64,7.544,28574595.3024,5.451145728000001,183.44767318610928,0.041123443372032,4.6861
247,247,16,192,2,8,96,64,3072.0,1024.0,49152.0,16384.0,5.0,3.813,0.986,1536,512,32,5.44,22248718.284784,8.731953024000001,114.52191706156388,0.04750182445056,4.6861
248,248,32,192,2,8,96,64,4096.0,1024.0,65536.0,16384.0,5.0,3.802,0.997,1024,256,64,7.536,28764347.289584,5.249558272000001,190.49221823744327,0.039560671137792,4.6861
249,249,16,192,2,16,96,64,2048.0,512.0,65536.0,16384.0,5.0,3.723,1.081,1024,256,64,7.68,29605193.727968,5.140480128,194.53435770581777,0.03947888738304,4.6861
270,270,64,192,3,1,64,64,12288.0,4096.0,36864.0,12288.0,5.0,3.834,0.964,1536,512,24,4.0200000000000005,16247990.611185,11.104245504,90.05564580139887,0.04463906692608,4.6747
271,271,128,192,3,1,64,64,16384.0,8192.0,49152.0,24576.0,5.0,3.841,0.957,1024,512,48,6.12,24925153.948782,6.4676294400000005,154.6161556219275,0.0395818921728,4.6747
272,272,32,192,3,2,64,64,6144.0,2048.0,36864.0,12288.0,5.0,4.129,0.654,1536,512,24,4.002000000000001,16317402.1824,11.958641024,83.62154177829095,0.047858481378048,4.6747
273,273,64,192,3,2,64,64,8192.0,4096.0,49152.0,24576.0,5.0,3.834,0.964,1024,512,48,6.42,25093303.968,6.455842560000001,154.8984490724631,0.0414465092352,4.6747
274,274,128,192,3,2,64,64,8192.0,4096.0,49152.0,24576.0,5.0,3.716,1.089,512,256,96,7.62,27582623.923212,4.004480512,249.7202813207248,0.03051414150144,4.6747
275,275,16,192,3,4,64,64,3072.0,1024.0,36864.0,12288.0,5.0,3.813,0.986,1536,512,24,4.08,16686538.713588,11.043424128000003,90.55162496788964,0.04505717044224,4.6747
276,276,32,192,3,4,64,64,4096.0,2048.0,49152.0,24576.0,5.0,4.022,0.766,1024,512,48,6.396000000000001,25277312.947188,6.7724044800000005,147.65804419289498,0.04331629905408,4.6747
277,277,64,192,3,4,64,64,4096.0,2048.0,49152.0,24576.0,5.0,3.948,0.844,512,256,96,8.100000000000001,27848724.134388,4.254491136,235.04573591383317,0.0344613782016,4.6747
278,278,128,192,3,4,64,64,4096.0,2048.0,49152.0,24576.0,5.0,4.006,0.784,256,128,192,10.02,32832799.257588,3.1027591680000004,322.29378622530584,0.03108964686336,4.6747
279,279,16,192,3,8,64,64,2048.0,1024.0,49152.0,24576.0,5.0,3.719,1.085,1024,512,48,6.5280000000000005,25874285.491176,6.26220096,159.68826398059252,0.04087964786688,4.6747
280,280,32,192,3,8,64,64,2048.0,1024.0,49152.0,24576.0,5.0,3.802,0.997,512,256,96,8.040000000000001,28219865.087976,4.0971568640000005,244.07169000205505,0.03294114118656,4.6747
281,281,64,192,3,8,64,64,2048.0,1024.0,49152.0,24576.0,5.0,3.558,1.255,256,128,192,11.088,33440522.111976,2.755770624,362.8749037713816,0.030555984678912,4.6747
282,282,16,192,3,16,64,64,1024.0,512.0,49152.0,24576.0,5.0,3.723,1.081,512,256,96,8.352,29387144.6016,4.012023935999999,249.25075621483035,0.0335084239134719,4.6747
283,283,32,192,3,16,64,64,1024.0,512.0,49152.0,24576.0,5.0,3.564,1.249,256,128,192,11.088,34076682.24,2.760417792,362.26400325998185,0.030607512477696,4.6747
284,284,16,192,3,32,64,64,512.0,256.0,49152.0,24576.0,5.0,3.989,0.801,256,128,192,11.904,36420850.4832,3.089592192,323.6673120126788,0.0367785054535679,4.6747
327,327,64,192,4,1,48,64,12288.0,4096.0,49152.0,16384.0,5.0,3.834,0.964,1536,512,32,5.36,21663987.48158,8.780044032000001,113.89464521537376,0.04706103601152,4.6705
328,328,128,192,4,1,48,64,16384.0,4096.0,65536.0,16384.0,5.0,3.737,1.066,1024,256,64,7.2,28363532.876788,5.159810432,193.80556963841576,0.0371506351103999,4.6705
329,329,32,192,4,2,48,64,6144.0,2048.0,49152.0,16384.0,5.0,4.129,0.654,1536,512,32,5.336,21756536.2432,9.455608192,105.7573431232122,0.050455125312512,4.6705
330,330,64,192,4,2,48,64,8192.0,2048.0,65536.0,16384.0,5.0,3.948,0.844,1024,256,64,7.544,28574595.3024,5.451145728000001,183.44767318610928,0.041123443372032,4.6705
331,331,16,192,4,4,48,64,3072.0,1024.0,49152.0,16384.0,5.0,3.813,0.986,1536,512,32,5.44,22248718.284784,8.731953024000001,114.52191706156388,0.04750182445056,4.6705
332,332,32,192,4,4,48,64,4096.0,1024.0,65536.0,16384.0,5.0,3.802,0.997,1024,256,64,7.536,28764347.289584,5.249558272000001,190.49221823744327,0.039560671137792,4.6705
333,333,16,192,4,8,48,64,2048.0,512.0,65536.0,16384.0,5.0,3.723,1.081,1024,256,64,7.68,29605193.727968,5.140480128,194.53435770581777,0.03947888738304,4.6705
352,352,32,192,6,1,32,64,6144.0,2048.0,36864.0,12288.0,5.0,4.129,0.654,1536,512,24,4.002000000000001,16317402.1824,11.958641024,83.62154177829095,0.047858481378048,4.6696
353,353,64,192,6,1,32,64,8192.0,4096.0,49152.0,24576.0,5.0,3.834,0.964,1024,512,48,6.42,25093303.968,6.455842560000001,154.8984490724631,0.0414465092352,4.6696
354,354,128,192,6,1,32,64,8192.0,4096.0,49152.0,24576.0,5.0,3.716,1.089,512,256,96,7.62,27582623.923212,4.004480512,249.7202813207248,0.03051414150144,4.6696
355,355,16,192,6,2,32,64,3072.0,1024.0,36864.0,12288.0,5.0,3.813,0.986,1536,512,24,4.08,16686538.713588,11.043424128000003,90.55162496788964,0.04505717044224,4.6696
356,356,32,192,6,2,32,64,4096.0,2048.0,49152.0,24576.0,5.0,4.022,0.766,1024,512,48,6.396000000000001,25277312.947188,6.7724044800000005,147.65804419289498,0.04331629905408,4.6696
357,357,64,192,6,2,32,64,4096.0,2048.0,49152.0,24576.0,5.0,3.948,0.844,512,256,96,8.100000000000001,27848724.134388,4.254491136,235.04573591383317,0.0344613782016,4.6696
358,358,128,192,6,2,32,64,4096.0,2048.0,49152.0,24576.0,5.0,4.006,0.784,256,128,192,10.02,32832799.257588,3.1027591680000004,322.29378622530584,0.03108964686336,4.6696
359,359,16,192,6,4,32,64,2048.0,1024.0,49152.0,24576.0,5.0,3.719,1.085,1024,512,48,6.5280000000000005,25874285.491176,6.26220096,159.68826398059252,0.04087964786688,4.6696
360,360,32,192,6,4,32,64,2048.0,1024.0,49152.0,24576.0,5.0,3.802,0.997,512,256,96,8.040000000000001,28219865.087976,4.0971568640000005,244.07169000205505,0.03294114118656,4.6696
361,361,64,192,6,4,32,64,2048.0,1024.0,49152.0,24576.0,5.0,3.558,1.255,256,128,192,11.088,33440522.111976,2.755770624,362.8749037713816,0.030555984678912,4.6696
362,362,16,192,6,8,32,64,1024.0,512.0,49152.0,24576.0,5.0,3.723,1.081,512,256,96,8.352,29387144.6016,4.012023935999999,249.25075621483035,0.0335084239134719,4.6696
363,363,32,192,6,8,32,64,1024.0,512.0,49152.0,24576.0,5.0,3.564,1.249,256,128,192,11.088,34076682.24,2.760417792,362.26400325998185,0.030607512477696,4.6696
364,364,16,192,6,16,32,64,512.0,256.0,49152.0,24576.0,5.0,3.989,0.801,256,128,192,11.904,36420850.4832,3.089592192,323.6673120126788,0.0367785054535679,4.6696
402,402,32,192,8,1,24,64,6144.0,2048.0,49152.0,16384.0,5.0,4.129,0.654,1536,512,32,5.336,21756536.2432,9.455608192,105.7573431232122,0.050455125312512,4.6677
403,403,64,192,8,1,24,64,8192.0,2048.0,65536.0,16384.0,5.0,3.948,0.844,1024,256,64,7.544,28574595.3024,5.451145728000001,183.44767318610928,0.041123443372032,4.6677
404,404,16,192,8,2,24,64,3072.0,1024.0,49152.0,16384.0,5.0,3.813,0.986,1536,512,32,5.44,22248718.284784,8.731953024000001,114.52191706156388,0.04750182445056,4.6677
405,405,32,192,8,2,24,64,4096.0,1024.0,65536.0,16384.0,5.0,3.802,0.997,1024,256,64,7.536,28764347.289584,5.249558272000001,190.49221823744327,0.039560671137792,4.6677
406,406,16,192,8,4,24,64,2048.0,512.0,65536.0,16384.0,5.0,3.723,1.081,1024,256,64,7.68,29605193.727968,5.140480128,194.53435770581777,0.03947888738304,4.6677
420,420,16,192,12,1,16,64,3072.0,1024.0,36864.0,12288.0,5.0,3.813,0.986,1536,512,24,4.08,16686538.713588,11.043424128000003,90.55162496788964,0.04505717044224,4.675
421,421,32,192,12,1,16,64,4096.0,2048.0,49152.0,24576.0,5.0,4.022,0.766,1024,512,48,6.396000000000001,25277312.947188,6.7724044800000005,147.65804419289498,0.04331629905408,4.675
422,422,64,192,12,1,16,64,4096.0,2048.0,49152.0,24576.0,5.0,3.948,0.844,512,256,96,8.100000000000001,27848724.134388,4.254491136,235.04573591383317,0.0344613782016,4.675
423,423,128,192,12,1,16,64,4096.0,2048.0,49152.0,24576.0,5.0,4.006,0.784,256,128,192,10.02,32832799.257588,3.1027591680000004,322.29378622530584,0.03108964686336,4.675
424,424,16,192,12,2,16,64,2048.0,1024.0,49152.0,24576.0,5.0,3.719,1.085,1024,512,48,6.5280000000000005,25874285.491176,6.26220096,159.68826398059252,0.04087964786688,4.675
425,425,32,192,12,2,16,64,2048.0,1024.0,49152.0,24576.0,5.0,3.802,0.997,512,256,96,8.040000000000001,28219865.087976,4.0971568640000005,244.07169000205505,0.03294114118656,4.675
426,426,64,192,12,2,16,64,2048.0,1024.0,49152.0,24576.0,5.0,3.558,1.255,256,128,192,11.088,33440522.111976,2.755770624,362.8749037713816,0.030555984678912,4.675
427,427,16,192,12,4,16,64,1024.0,512.0,49152.0,24576.0,5.0,3.723,1.081,512,256,96,8.352,29387144.6016,4.012023935999999,249.25075621483035,0.0335084239134719,4.675
428,428,32,192,12,4,16,64,1024.0,512.0,49152.0,24576.0,5.0,3.564,1.249,256,128,192,11.088,34076682.24,2.760417792,362.26400325998185,0.030607512477696,4.675
429,429,16,192,12,8,16,64,512.0,256.0,49152.0,24576.0,5.0,3.989,0.801,256,128,192,11.904,36420850.4832,3.089592192,323.6673120126788,0.0367785054535679,4.675
459,459,128,256,1,2,256,64,32768.0,8192.0,65536.0,16384.0,5.0,3.841,0.957,2048,512,32,6.3,26575295.315414,15.467246080000002,64.65275038799925,0.097443650304,4.6439
460,460,64,256,1,4,256,64,16384.0,4096.0,65536.0,16384.0,5.0,3.834,0.964,2048,512,32,6.48,26701749.094384,15.439057920000002,64.77079140331381,0.1000450953216,4.6439
461,461,128,256,1,4,256,64,16384.0,8192.0,65536.0,32768.0,5.0,3.841,0.957,1024,512,64,8.16,33233538.598376,9.300013568,107.52672484703196,0.07588811071488,4.6439
462,462,32,256,1,8,256,64,8192.0,2048.0,65536.0,16384.0,5.0,4.129,0.654,2048,512,32,6.456,26754880.0512,16.626987519999997,60.14318581746311,0.1073438314291199,4.6439
463,463,64,256,1,8,256,64,8192.0,4096.0,65536.0,32768.0,5.0,3.834,0.964,1024,512,64,8.56,33457738.624,9.283064832,107.72304385431656,0.07946303496192,4.6439
464,464,128,256,1,8,256,64,8192.0,4096.0,65536.0,32768.0,5.0,3.716,1.089,512,256,128,10.16,36776831.897616,6.014093312,166.27610316665468,0.06110318804992,4.6439
465,465,16,256,1,16,256,64,4096.0,1024.0,65536.0,16384.0,5.0,3.813,0.986,2048,512,32,6.56,27295618.662384,15.354493440000002,65.1275148807514,0.1007254769664,4.6439
466,466,32,256,1,16,256,64,4096.0,2048.0,65536.0,32768.0,5.0,4.022,0.766,1024,512,64,8.528,33703083.929584,9.738259456000002,102.68775488250864,0.083047876640768,4.6439
467,467,64,256,1,16,256,64,4096.0,2048.0,65536.0,32768.0,5.0,3.948,0.844,512,256,128,10.8,37131632.179184,6.389569536000001,156.5050656958685,0.0690073509888,4.6439
468,468,128,256,1,16,256,64,8192.0,2048.0,131072.0,32768.0,5.0,4.006,0.784,512,128,256,17.76,63444888.6784,4.875398144000002,205.1114535600889,0.08658707103744,4.6439
469,469,16,256,1,32,256,64,2048.0,1024.0,65536.0,32768.0,5.0,3.719,1.085,1024,512,64,8.704,34499047.321568,9.004621312000001,111.05408715715238,0.078376223899648,4.6439
470,470,32,256,1,32,256,64,2048.0,1024.0,65536.0,32768.0,5.0,3.802,0.997,512,256,128,10.72,37626486.783968,6.153278464,162.51499194300072,0.06596314513408,4.6439
471,471,64,256,1,32,256,64,4096.0,1024.0,131072.0,32768.0,5.0,3.724,1.08,512,128,256,18.976,64099556.556768,4.532197376,220.64352388875307,0.086002977406976,4.6439
507,507,128,256,2,1,128,64,32768.0,8192.0,65536.0,16384.0,5.0,3.841,0.957,2048,512,32,6.3,26575295.315414,15.467246080000002,64.65275038799925,0.097443650304,4.6229
508,508,64,256,2,2,128,64,16384.0,4096.0,65536.0,16384.0,5.0,3.834,0.964,2048,512,32,6.48,26701749.094384,15.439057920000002,64.77079140331381,0.1000450953216,4.6229
509,509,128,256,2,2,128,64,16384.0,8192.0,65536.0,32768.0,5.0,3.841,0.957,1024,512,64,8.16,33233538.598376,9.300013568,107.52672484703196,0.07588811071488,4.6229
510,510,32,256,2,4,128,64,8192.0,2048.0,65536.0,16384.0,5.0,4.129,0.654,2048,512,32,6.456,26754880.0512,16.626987519999997,60.14318581746311,0.1073438314291199,4.6229
511,511,64,256,2,4,128,64,8192.0,4096.0,65536.0,32768.0,5.0,3.834,0.964,1024,512,64,8.56,33457738.624,9.283064832,107.72304385431656,0.07946303496192,4.6229
512,512,128,256,2,4,128,64,8192.0,4096.0,65536.0,32768.0,5.0,3.716,1.089,512,256,128,10.16,36776831.897616,6.014093312,166.27610316665468,0.06110318804992,4.6229
513,513,16,256,2,8,128,64,4096.0,1024.0,65536.0,16384.0,5.0,3.813,0.986,2048,512,32,6.56,27295618.662384,15.354493440000002,65.1275148807514,0.1007254769664,4.6229
514,514,32,256,2,8,128,64,4096.0,2048.0,65536.0,32768.0,5.0,4.022,0.766,1024,512,64,8.528,33703083.929584,9.738259456000002,102.68775488250864,0.083047876640768,4.6229
515,515,64,256,2,8,128,64,4096.0,2048.0,65536.0,32768.0,5.0,3.948,0.844,512,256,128,10.8,37131632.179184,6.389569536000001,156.5050656958685,0.0690073509888,4.6229
516,516,128,256,2,8,128,64,8192.0,2048.0,131072.0,32768.0,5.0,4.006,0.784,512,128,256,17.76,63444888.6784,4.875398144000002,205.1114535600889,0.08658707103744,4.6229
517,517,16,256,2,16,128,64,2048.0,1024.0,65536.0,32768.0,5.0,3.719,1.085,1024,512,64,8.704,34499047.321568,9.004621312000001,111.05408715715238,0.078376223899648,4.6229
518,518,32,256,2,16,128,64,2048.0,1024.0,65536.0,32768.0,5.0,3.802,0.997,512,256,128,10.72,37626486.783968,6.153278464,162.51499194300072,0.06596314513408,4.6229
519,519,64,256,2,16,128,64,4096.0,1024.0,131072.0,32768.0,5.0,3.724,1.08,512,128,256,18.976,64099556.556768,4.532197376,220.64352388875307,0.086002977406976,4.6229
520,520,16,256,2,32,128,64,1024.0,512.0,65536.0,32768.0,5.0,3.723,1.081,512,256,128,11.136,39182859.4688,6.025422336,165.9634701496881,0.0670991031336959,4.6229
521,521,32,256,2,32,128,64,2048.0,512.0,131072.0,32768.0,5.0,3.564,1.249,512,128,256,19.008,64892957.491136,4.337473536000001,230.5489570599653,0.082446696972288,4.6229
563,563,64,256,4,1,64,64,16384.0,4096.0,65536.0,16384.0,5.0,3.834,0.964,2048,512,32,6.48,26701749.094384,15.439057920000002,64.77079140331381,0.1000450953216,4.6268
564,564,128,256,4,1,64,64,16384.0,8192.0,65536.0,32768.0,5.0,3.841,0.957,1024,512,64,8.16,33233538.598376,9.300013568,107.52672484703196,0.07588811071488,4.6268
565,565,32,256,4,2,64,64,8192.0,2048.0,65536.0,16384.0,5.0,4.129,0.654,2048,512,32,6.456,26754880.0512,16.626987519999997,60.14318581746311,0.1073438314291199,4.6268
566,566,64,256,4,2,64,64,8192.0,4096.0,65536.0,32768.0,5.0,3.834,0.964,1024,512,64,8.56,33457738.624,9.283064832,107.72304385431656,0.07946303496192,4.6268
567,567,128,256,4,2,64,64,8192.0,4096.0,65536.0,32768.0,5.0,3.716,1.089,512,256,128,10.16,36776831.897616,6.014093312,166.27610316665468,0.06110318804992,4.6268
568,568,16,256,4,4,64,64,4096.0,1024.0,65536.0,16384.0,5.0,3.813,0.986,2048,512,32,6.56,27295618.662384,15.354493440000002,65.1275148807514,0.1007254769664,4.6268
569,569,32,256,4,4,64,64,4096.0,2048.0,65536.0,32768.0,5.0,4.022,0.766,1024,512,64,8.528,33703083.929584,9.738259456000002,102.68775488250864,0.083047876640768,4.6268
570,570,64,256,4,4,64,64,4096.0,2048.0,65536.0,32768.0,5.0,3.948,0.844,512,256,128,10.8,37131632.179184,6.389569536000001,156.5050656958685,0.0690073509888,4.6268
571,571,128,256,4,4,64,64,8192.0,2048.0,131072.0,32768.0,5.0,4.006,0.784,512,128,256,17.76,63444888.6784,4.875398144000002,205.1114535600889,0.08658707103744,4.6268
572,572,16,256,4,8,64,64,2048.0,1024.0,65536.0,32768.0,5.0,3.719,1.085,1024,512,64,8.704,34499047.321568,9.004621312000001,111.05408715715238,0.078376223899648,4.6268
573,573,32,256,4,8,64,64,2048.0,1024.0,65536.0,32768.0,5.0,3.802,0.997,512,256,128,10.72,37626486.783968,6.153278464,162.51499194300072,0.06596314513408,4.6268
574,574,64,256,4,8,64,64,4096.0,1024.0,131072.0,32768.0,5.0,3.724,1.08,512,128,256,18.976,64099556.556768,4.532197376,220.64352388875307,0.086002977406976,4.6268
575,575,16,256,4,16,64,64,1024.0,512.0,65536.0,32768.0,5.0,3.723,1.081,512,256,128,11.136,39182859.4688,6.025422336,165.9634701496881,0.0670991031336959,4.6268
576,576,32,256,4,16,64,64,2048.0,512.0,131072.0,32768.0,5.0,3.564,1.249,512,128,256,19.008,64892957.491136,4.337473536000001,230.5489570599653,0.082446696972288,4.6268
577,577,16,256,4,32,64,64,1024.0,256.0,131072.0,32768.0,5.0,3.989,0.801,512,128,256,19.584,68400001.024,4.854708736000001,205.98558108842224,0.095074615885824,4.6268
620,620,32,256,8,1,32,64,8192.0,2048.0,65536.0,16384.0,5.0,4.129,0.654,2048,512,32,6.456,26754880.0512,16.626987519999997,60.14318581746311,0.1073438314291199,4.6139
621,621,64,256,8,1,32,64,8192.0,4096.0,65536.0,32768.0,5.0,3.834,0.964,1024,512,64,8.56,33457738.624,9.283064832,107.72304385431656,0.07946303496192,4.6139
622,622,128,256,8,1,32,64,8192.0,4096.0,65536.0,32768.0,5.0,3.716,1.089,512,256,128,10.16,36776831.897616,6.014093312,166.27610316665468,0.06110318804992,4.6139
623,623,16,256,8,2,32,64,4096.0,1024.0,65536.0,16384.0,5.0,3.813,0.986,2048,512,32,6.56,27295618.662384,15.354493440000002,65.1275148807514,0.1007254769664,4.6139
624,624,32,256,8,2,32,64,4096.0,2048.0,65536.0,32768.0,5.0,4.022,0.766,1024,512,64,8.528,33703083.929584,9.738259456000002,102.68775488250864,0.083047876640768,4.6139
625,625,64,256,8,2,32,64,4096.0,2048.0,65536.0,32768.0,5.0,3.948,0.844,512,256,128,10.8,37131632.179184,6.389569536000001,156.5050656958685,0.0690073509888,4.6139
626,626,128,256,8,2,32,64,8192.0,2048.0,131072.0,32768.0,5.0,4.006,0.784,512,128,256,17.76,63444888.6784,4.875398144000002,205.1114535600889,0.08658707103744,4.6139
627,627,16,256,8,4,32,64,2048.0,1024.0,65536.0,32768.0,5.0,3.719,1.085,1024,512,64,8.704,34499047.321568,9.004621312000001,111.05408715715238,0.078376223899648,4.6139
628,628,32,256,8,4,32,64,2048.0,1024.0,65536.0,32768.0,5.0,3.802,0.997,512,256,128,10.72,37626486.783968,6.153278464,162.51499194300072,0.06596314513408,4.6139
629,629,64,256,8,4,32,64,4096.0,1024.0,131072.0,32768.0,5.0,3.724,1.08,512,128,256,18.976,64099556.556768,4.532197376,220.64352388875307,0.086002977406976,4.6139
630,630,16,256,8,8,32,64,1024.0,512.0,65536.0,32768.0,5.0,3.723,1.081,512,256,128,11.136,39182859.4688,6.025422336,165.9634701496881,0.0670991031336959,4.6139
631,631,32,256,8,8,32,64,2048.0,512.0,131072.0,32768.0,5.0,3.564,1.249,512,128,256,19.008,64892957.491136,4.337473536000001,230.5489570599653,0.082446696972288,4.6139
632,632,16,256,8,16,32,64,1024.0,256.0,131072.0,32768.0,5.0,3.989,0.801,512,128,256,19.584,68400001.024,4.854708736000001,205.98558108842224,0.095074615885824,4.6139
670,670,128,384,1,8,384,64,24576.0,4096.0,196608.0,32768.0,5.0,3.888,0.908,1536,256,128,18.72,76490210.176072,13.96942848,71.5848899209941,0.2615077011455999,4.7269
671,671,64,384,1,16,384,64,12288.0,2048.0,196608.0,32768.0,5.0,3.948,0.844,1536,256,128,19.52,76911944.652704,14.18500608,70.49697366079663,0.2768913186816,4.7269
672,672,32,384,1,32,384,64,6144.0,1024.0,196608.0,32768.0,5.0,3.802,0.997,1536,256,128,19.424,77284602.060832,13.66043392,73.20411678401501,0.26534026846208,4.7269
682,682,128,384,2,4,192,64,24576.0,4096.0,196608.0,32768.0,5.0,3.888,0.908,1536,256,128,18.72,76490210.176072,13.96942848,71.5848899209941,0.2615077011455999,4.6218
683,683,64,384,2,8,192,64,12288.0,2048.0,196608.0,32768.0,5.0,3.948,0.844,1536,256,128,19.52,76911944.652704,14.18500608,70.49697366079663,0.2768913186816,4.6218
684,684,32,384,2,16,192,64,6144.0,1024.0,196608.0,32768.0,5.0,3.802,0.997,1536,256,128,19.424,77284602.060832,13.66043392,73.20411678401501,0.26534026846208,4.6218
685,685,16,384,2,32,192,64,3072.0,512.0,196608.0,32768.0,5.0,3.723,1.081,1536,256,128,19.776,79041326.899136,13.376590079999998,74.75746763707363,0.2645354454220799,4.6218
698,698,128,384,3,2,128,64,24576.0,8192.0,147456.0,49152.0,5.0,3.844,0.954,1536,512,96,15.6,64785927.34080601,16.110111743999997,62.07281587431801,0.2513177432064,4.5865
699,699,64,384,3,4,128,64,12288.0,4096.0,147456.0,49152.0,5.0,3.834,0.964,1536,512,96,16.080000000000002,64991962.44474,16.068201984,62.23471680252435,0.25837668790272,4.5865
700,700,128,384,3,4,128,64,16384.0,4096.0,196608.0,49152.0,5.0,3.737,1.066,1024,256,192,21.6,85090598.630364,11.192105728,89.34869132787377,0.2417494837248,4.5865
701,701,32,384,3,8,128,64,6144.0,2048.0,147456.0,49152.0,5.0,4.129,0.654,1536,512,96,16.008000000000003,65269608.7296,17.304539904,57.78830327461332,0.277011074783232,4.5865
702,702,64,384,3,8,128,64,8192.0,2048.0,196608.0,49152.0,5.0,3.948,0.844,1024,256,192,22.632,85723785.90720001,11.824038912,84.57346998284302,0.267601648656384,4.5865
703,703,128,384,3,8,128,64,8192.0,2048.0,196608.0,49152.0,5.0,4.006,0.784,512,128,384,26.64,95167333.0176,9.602093568,104.14395495297052,0.25579977265152,4.5865
704,704,16,384,3,16,128,64,3072.0,1024.0,147456.0,49152.0,5.0,3.813,0.986,1536,512,96,16.32,66746154.854352,15.980191488,62.5774729139466,0.26079672508416,4.5865
705,705,32,384,3,16,128,64,4096.0,1024.0,196608.0,49152.0,5.0,3.802,0.997,1024,256,192,22.608,86293041.868752,11.386777088,87.82116241248403,0.257432256405504,4.5865
706,706,64,384,3,16,128,64,4096.0,1024.0,196608.0,49152.0,5.0,3.724,1.08,512,128,384,28.464,96149334.835152,8.926159872000001,112.03025873834582,0.254074214596608,4.5865
707,707,16,384,3,32,128,64,2048.0,512.0,196608.0,49152.0,5.0,3.723,1.081,1024,256,192,23.04,88815581.18390399,11.150176512,89.68467888591574,0.25690006683648,4.5865
708,708,32,384,3,32,128,64,2048.0,512.0,196608.0,49152.0,5.0,3.564,1.249,512,128,384,28.512,97339436.236704,8.542651392,117.05967551672276,0.243568076488704,4.5865
742,742,128,384,4,2,96,64,24576.0,4096.0,196608.0,32768.0,5.0,3.888,0.908,1536,256,128,18.72,76490210.176072,13.96942848,71.5848899209941,0.2615077011455999,4.5554
743,743,64,384,4,4,96,64,12288.0,2048.0,196608.0,32768.0,5.0,3.948,0.844,1536,256,128,19.52,76911944.652704,14.18500608,70.49697366079663,0.2768913186816,4.5554
744,744,32,384,4,8,96,64,6144.0,1024.0,196608.0,32768.0,5.0,3.802,0.997,1536,256,128,19.424,77284602.060832,13.66043392,73.20411678401501,0.26534026846208,4.5554
745,745,16,384,4,16,96,64,3072.0,512.0,196608.0,32768.0,5.0,3.723,1.081,1536,256,128,19.776,79041326.899136,13.376590079999998,74.75746763707363,0.2645354454220799,4.5554
758,758,128,384,6,1,64,64,24576.0,8192.0,147456.0,49152.0,5.0,3.844,0.954,1536,512,96,15.6,64785927.34080601,16.110111743999997,62.07281587431801,0.2513177432064,4.5386
759,759,64,384,6,2,64,64,12288.0,4096.0,147456.0,49152.0,5.0,3.834,0.964,1536,512,96,16.080000000000002,64991962.44474,16.068201984,62.23471680252435,0.25837668790272,4.5386
760,760,128,384,6,2,64,64,16384.0,4096.0,196608.0,49152.0,5.0,3.737,1.066,1024,256,192,21.6,85090598.630364,11.192105728,89.34869132787377,0.2417494837248,4.5386
761,761,32,384,6,4,64,64,6144.0,2048.0,147456.0,49152.0,5.0,4.129,0.654,1536,512,96,16.008000000000003,65269608.7296,17.304539904,57.78830327461332,0.277011074783232,4.5386
762,762,64,384,6,4,64,64,8192.0,2048.0,196608.0,49152.0,5.0,3.948,0.844,1024,256,192,22.632,85723785.90720001,11.824038912,84.57346998284302,0.267601648656384,4.5386
763,763,128,384,6,4,64,64,8192.0,2048.0,196608.0,49152.0,5.0,4.006,0.784,512,128,384,26.64,95167333.0176,9.602093568,104.14395495297052,0.25579977265152,4.5386
764,764,16,384,6,8,64,64,3072.0,1024.0,147456.0,49152.0,5.0,3.813,0.986,1536,512,96,16.32,66746154.854352,15.980191488,62.5774729139466,0.26079672508416,4.5386
765,765,32,384,6,8,64,64,4096.0,1024.0,196608.0,49152.0,5.0,3.802,0.997,1024,256,192,22.608,86293041.868752,11.386777088,87.82116241248403,0.257432256405504,4.5386
766,766,64,384,6,8,64,64,4096.0,1024.0,196608.0,49152.0,5.0,3.724,1.08,512,128,384,28.464,96149334.835152,8.926159872000001,112.03025873834582,0.254074214596608,4.5386
767,767,16,384,6,16,64,64,2048.0,512.0,196608.0,49152.0,5.0,3.723,1.081,1024,256,192,23.04,88815581.18390399,11.150176512,89.68467888591574,0.25690006683648,4.5386
768,768,32,384,6,16,64,64,2048.0,512.0,196608.0,49152.0,5.0,3.564,1.249,512,128,384,28.512,97339436.236704,8.542651392,117.05967551672276,0.243568076488704,4.5386
769,769,16,384,6,32,64,64,1024.0,256.0,196608.0,49152.0,5.0,3.989,0.801,512,128,384,29.376,102600001.536,9.561345792,104.58778730047628,0.280874093985792,4.5386
806,806,128,384,8,1,48,64,24576.0,4096.0,196608.0,32768.0,5.0,3.888,0.908,1536,256,128,18.72,76490210.176072,13.96942848,71.5848899209941,0.2615077011455999,4.5334
807,807,64,384,8,2,48,64,12288.0,2048.0,196608.0,32768.0,5.0,3.948,0.844,1536,256,128,19.52,76911944.652704,14.18500608,70.49697366079663,0.2768913186816,4.5334
808,808,32,384,8,4,48,64,6144.0,1024.0,196608.0,32768.0,5.0,3.802,0.997,1536,256,128,19.424,77284602.060832,13.66043392,73.20411678401501,0.26534026846208,4.5334
809,809,16,384,8,8,48,64,3072.0,512.0,196608.0,32768.0,5.0,3.723,1.081,1536,256,128,19.776,79041326.899136,13.376590079999998,74.75746763707363,0.2645354454220799,4.5334
822,822,64,384,12,1,32,64,12288.0,4096.0,147456.0,49152.0,5.0,3.834,0.964,1536,512,96,16.080000000000002,64991962.44474,16.068201984,62.23471680252435,0.25837668790272,4.5192
823,823,128,384,12,1,32,64,16384.0,4096.0,196608.0,49152.0,5.0,3.737,1.066,1024,256,192,21.6,85090598.630364,11.192105728,89.34869132787377,0.2417494837248,4.5192
824,824,32,384,12,2,32,64,6144.0,2048.0,147456.0,49152.0,5.0,4.129,0.654,1536,512,96,16.008000000000003,65269608.7296,17.304539904,57.78830327461332,0.277011074783232,4.5192
825,825,64,384,12,2,32,64,8192.0,2048.0,196608.0,49152.0,5.0,3.948,0.844,1024,256,192,22.632,85723785.90720001,11.824038912,84.57346998284302,0.267601648656384,4.5192
826,826,128,384,12,2,32,64,8192.0,2048.0,196608.0,49152.0,5.0,4.006,0.784,512,128,384,26.64,95167333.0176,9.602093568,104.14395495297052,0.25579977265152,4.5192
827,827,16,384,12,4,32,64,3072.0,1024.0,147456.0,49152.0,5.0,3.813,0.986,1536,512,96,16.32,66746154.854352,15.980191488,62.5774729139466,0.26079672508416,4.5192
828,828,32,384,12,4,32,64,4096.0,1024.0,196608.0,49152.0,5.0,3.802,0.997,1024,256,192,22.608,86293041.868752,11.386777088,87.82116241248403,0.257432256405504,4.5192
829,829,64,384,12,4,32,64,4096.0,1024.0,196608.0,49152.0,5.0,3.724,1.08,512,128,384,28.464,96149334.835152,8.926159872000001,112.03025873834582,0.254074214596608,4.5192
830,830,16,384,12,8,32,64,2048.0,512.0,196608.0,49152.0,5.0,3.723,1.081,1024,256,192,23.04,88815581.18390399,11.150176512,89.68467888591574,0.25690006683648,4.5192
831,831,32,384,12,8,32,64,2048.0,512.0,196608.0,49152.0,5.0,3.564,1.249,512,128,384,28.512,97339436.236704,8.542651392,117.05967551672276,0.243568076488704,4.5192
832,832,16,384,12,16,32,64,1024.0,256.0,196608.0,49152.0,5.0,3.989,0.801,512,128,384,29.376,102600001.536,9.561345792,104.58778730047628,0.280874093985792,4.5192
866,866,128,512,1,8,512,64,32768.0,8192.0,262144.0,65536.0,5.0,3.841,0.957,2048,512,128,25.2,106301181.261656,24.40540672000001,40.97452713953377,0.6150162493440001,5.5625
867,867,64,512,1,16,512,64,16384.0,4096.0,262144.0,65536.0,5.0,3.834,0.964,2048,512,128,25.92,106806996.377536,24.36092928,41.049337178651335,0.6314352869376001,5.5625
868,868,128,512,1,16,512,64,16384.0,4096.0,262144.0,65536.0,5.0,3.737,1.066,1024,256,256,28.8,113454131.507152,17.805579264000006,56.16217170883274,0.5128006828032001,5.5625
869,869,32,512,1,32,512,64,8192.0,2048.0,262144.0,65536.0,5.0,4.129,0.654,2048,512,128,25.824,107019520.2048,26.23533568,38.1165315434607,0.6775013086003201,5.5625
870,870,64,512,1,32,512,64,8192.0,2048.0,262144.0,65536.0,5.0,3.948,0.844,1024,256,256,30.176,114298381.2096,18.810925056,53.1605966757619,0.5676384744898559,5.5625
871,871,128,512,1,32,512,64,8192.0,2048.0,262144.0,65536.0,5.0,4.006,0.784,512,128,512,35.52,126889777.3568,15.904012288000004,62.877215000300666,0.5649105164697602,5.5625
890,890,128,512,2,4,256,64,32768.0,8192.0,262144.0,65536.0,5.0,3.841,0.957,2048,512,128,25.2,106301181.261656,24.40540672000001,40.97452713953377,0.6150162493440001,5.321
891,891,64,512,2,8,256,64,16384.0,4096.0,262144.0,65536.0,5.0,3.834,0.964,2048,512,128,25.92,106806996.377536,24.36092928,41.049337178651335,0.6314352869376001,5.321
892,892,128,512,2,8,256,64,16384.0,4096.0,262144.0,65536.0,5.0,3.737,1.066,1024,256,256,28.8,113454131.507152,17.805579264000006,56.16217170883274,0.5128006828032001,5.321
893,893,32,512,2,16,256,64,8192.0,2048.0,262144.0,65536.0,5.0,4.129,0.654,2048,512,128,25.824,107019520.2048,26.23533568,38.1165315434607,0.6775013086003201,5.321
894,894,64,512,2,16,256,64,8192.0,2048.0,262144.0,65536.0,5.0,3.948,0.844,1024,256,256,30.176,114298381.2096,18.810925056,53.1605966757619,0.5676384744898559,5.321
895,895,128,512,2,16,256,64,8192.0,2048.0,262144.0,65536.0,5.0,4.006,0.784,512,128,512,35.52,126889777.3568,15.904012288000004,62.877215000300666,0.5649105164697602,5.321
896,896,16,512,2,32,256,64,4096.0,1024.0,262144.0,65536.0,5.0,3.813,0.986,2048,512,128,26.24,109182474.649536,24.227496960000003,41.27541535351408,0.6357295202304,5.321
897,897,32,512,2,32,256,64,4096.0,1024.0,262144.0,65536.0,5.0,3.802,0.997,1024,256,256,30.144,115057389.158336,18.115282944000004,55.20200833138032,0.5460670890639361,5.321
898,898,64,512,2,32,256,64,4096.0,1024.0,262144.0,65536.0,5.0,3.724,1.08,512,128,512,37.952,128199113.113536,14.784458752000004,67.63859379463064,0.5610997785559041,5.321
926,926,128,512,4,2,128,64,32768.0,8192.0,262144.0,65536.0,5.0,3.841,0.957,2048,512,128,25.2,106301181.261656,24.40540672000001,40.97452713953377,0.6150162493440001,5.1326
927,927,64,512,4,4,128,64,16384.0,4096.0,262144.0,65536.0,5.0,3.834,0.964,2048,512,128,25.92,106806996.377536,24.36092928,41.049337178651335,0.6314352869376001,5.1326
928,928,128,512,4,4,128,64,16384.0,4096.0,262144.0,65536.0,5.0,3.737,1.066,1024,256,256,28.8,113454131.507152,17.805579264000006,56.16217170883274,0.5128006828032001,5.1326
929,929,32,512,4,8,128,64,8192.0,2048.0,262144.0,65536.0,5.0,4.129,0.654,2048,512,128,25.824,107019520.2048,26.23533568,38.1165315434607,0.6775013086003201,5.1326
930,930,64,512,4,8,128,64,8192.0,2048.0,262144.0,65536.0,5.0,3.948,0.844,1024,256,256,30.176,114298381.2096,18.810925056,53.1605966757619,0.5676384744898559,5.1326
931,931,128,512,4,8,128,64,8192.0,2048.0,262144.0,65536.0,5.0,4.006,0.784,512,128,512,35.52,126889777.3568,15.904012288000004,62.877215000300666,0.5649105164697602,5.1326
932,932,16,512,4,16,128,64,4096.0,1024.0,262144.0,65536.0,5.0,3.813,0.986,2048,512,128,26.24,109182474.649536,24.227496960000003,41.27541535351408,0.6357295202304,5.1326
933,933,32,512,4,16,128,64,4096.0,1024.0,262144.0,65536.0,5.0,3.802,0.997,1024,256,256,30.144,115057389.158336,18.115282944000004,55.20200833138032,0.5460670890639361,5.1326
934,934,64,512,4,16,128,64,4096.0,1024.0,262144.0,65536.0,5.0,3.724,1.08,512,128,512,37.952,128199113.113536,14.784458752000004,67.63859379463064,0.5610997785559041,5.1326
935,935,16,512,4,32,128,64,2048.0,512.0,262144.0,65536.0,5.0,3.723,1.081,1024,256,256,30.72,118420774.911872,17.738873855999998,56.37336440395059,0.5449382048563198,5.1326
936,936,32,512,4,32,128,64,2048.0,512.0,262144.0,65536.0,5.0,3.564,1.249,512,128,512,38.016,129785914.982272,14.149251072000004,70.67511876857589,0.5378979287531521,5.1326
970,970,128,512,8,1,64,64,32768.0,8192.0,262144.0,65536.0,5.0,3.841,0.957,2048,512,128,25.2,106301181.261656,24.40540672000001,40.97452713953377,0.6150162493440001,4.4902
971,971,64,512,8,2,64,64,16384.0,4096.0,262144.0,65536.0,5.0,3.834,0.964,2048,512,128,25.92,106806996.377536,24.36092928,41.049337178651335,0.6314352869376001,4.4902
972,972,128,512,8,2,64,64,16384.0,4096.0,262144.0,65536.0,5.0,3.737,1.066,1024,256,256,28.8,113454131.507152,17.805579264000006,56.16217170883274,0.5128006828032001,4.4902
973,973,32,512,8,4,64,64,8192.0,2048.0,262144.0,65536.0,5.0,4.129,0.654,2048,512,128,25.824,107019520.2048,26.23533568,38.1165315434607,0.6775013086003201,4.4902
974,974,64,512,8,4,64,64,8192.0,2048.0,262144.0,65536.0,5.0,3.948,0.844,1024,256,256,30.176,114298381.2096,18.810925056,53.1605966757619,0.5676384744898559,4.4902
975,975,128,512,8,4,64,64,8192.0,2048.0,262144.0,65536.0,5.0,4.006,0.784,512,128,512,35.52,126889777.3568,15.904012288000004,62.877215000300666,0.5649105164697602,4.4902
976,976,16,512,8,8,64,64,4096.0,1024.0,262144.0,65536.0,5.0,3.813,0.986,2048,512,128,26.24,109182474.649536,24.227496960000003,41.27541535351408,0.6357295202304,4.4902
977,977,32,512,8,8,64,64,4096.0,1024.0,262144.0,65536.0,5.0,3.802,0.997,1024,256,256,30.144,115057389.158336,18.115282944000004,55.20200833138032,0.5460670890639361,4.4902
978,978,64,512,8,8,64,64,4096.0,1024.0,262144.0,65536.0,5.0,3.724,1.08,512,128,512,37.952,128199113.113536,14.784458752000004,67.63859379463064,0.5610997785559041,4.4902
979,979,16,512,8,16,64,64,2048.0,512.0,262144.0,65536.0,5.0,3.723,1.081,1024,256,256,30.72,118420774.911872,17.738873855999998,56.37336440395059,0.5449382048563198,4.4902
980,980,32,512,8,16,64,64,2048.0,512.0,262144.0,65536.0,5.0,3.564,1.249,512,128,512,38.016,129785914.982272,14.149251072000004,70.67511876857589,0.5378979287531521,4.4902
981,981,16,512,8,32,64,64,1024.0,256.0,262144.0,65536.0,5.0,3.989,0.801,512,128,512,39.168,136800002.048,15.836521472,63.1451800679881,0.6202848730152961,4.4902
1018,1018,128,768,3,8,256,64,24576.0,4096.0,589824.0,98304.0,5.0,3.888,0.908,1536,256,384,56.16,229470630.528216,36.872921088000005,27.120173029238032,2.0707832483020803,5.8005
1019,1019,64,768,3,16,256,64,12288.0,2048.0,589824.0,98304.0,5.0,3.948,0.844,1536,256,384,58.56,230735833.958112,37.441947648,26.708012344903118,2.19260045426688,5.8005
1020,1020,128,768,3,16,256,64,16384.0,2048.0,786432.0,98304.0,5.0,4.006,0.784,1024,128,768,78.72,309794457.446208,33.233519616,30.09010214851148,2.6161426641715204,5.8005
1021,1021,32,768,3,32,256,64,6144.0,1024.0,589824.0,98304.0,5.0,3.802,0.997,1536,256,384,58.272,231853806.182496,36.05731635200001,27.73362249807403,2.101131938463745,5.8005
1022,1022,64,768,3,32,256,64,8192.0,1024.0,786432.0,98304.0,5.0,3.734,1.069,1024,128,768,82.464,312404981.1456,30.977025024000003,32.28198961085618,2.5544893915791365,5.8005
1038,1038,128,768,6,4,128,64,24576.0,4096.0,589824.0,98304.0,5.0,3.888,0.908,1536,256,384,56.16,229470630.528216,36.872921088000005,27.120173029238032,2.0707832483020803,5.9277
1039,1039,64,768,6,8,128,64,12288.0,2048.0,589824.0,98304.0,5.0,3.948,0.844,1536,256,384,58.56,230735833.958112,37.441947648,26.708012344903118,2.19260045426688,5.9277
1040,1040,128,768,6,8,128,64,16384.0,2048.0,786432.0,98304.0,5.0,4.006,0.784,1024,128,768,78.72,309794457.446208,33.233519616,30.09010214851148,2.6161426641715204,5.9277
1041,1041,32,768,6,16,128,64,6144.0,1024.0,589824.0,98304.0,5.0,3.802,0.997,1536,256,384,58.272,231853806.182496,36.05731635200001,27.73362249807403,2.101131938463745,5.9277
1042,1042,64,768,6,16,128,64,8192.0,1024.0,786432.0,98304.0,5.0,3.734,1.069,1024,128,768,82.464,312404981.1456,30.977025024000003,32.28198961085618,2.5544893915791365,5.9277
1043,1043,16,768,6,32,128,64,3072.0,512.0,589824.0,98304.0,5.0,3.723,1.081,1536,256,384,59.328,237123980.697408,35.308098048,28.32211462199234,2.094758840991744,5.9277
1044,1044,32,768,6,32,128,64,4096.0,512.0,786432.0,98304.0,5.0,3.564,1.249,1024,128,768,82.56,315251230.924608,29.566715904,33.82181515346156,2.44102806503424,5.9277
1066,1066,128,768,12,2,64,64,24576.0,4096.0,589824.0,98304.0,5.0,3.888,0.908,1536,256,384,56.16,229470630.528216,36.872921088000005,27.120173029238032,2.0707832483020803,5.992
1067,1067,64,768,12,4,64,64,12288.0,2048.0,589824.0,98304.0,5.0,3.948,0.844,1536,256,384,58.56,230735833.958112,37.441947648,26.708012344903118,2.19260045426688,5.992
1068,1068,128,768,12,4,64,64,16384.0,2048.0,786432.0,98304.0,5.0,4.006,0.784,1024,128,768,78.72,309794457.446208,33.233519616,30.09010214851148,2.6161426641715204,5.992
1069,1069,32,768,12,8,64,64,6144.0,1024.0,589824.0,98304.0,5.0,3.802,0.997,1536,256,384,58.272,231853806.182496,36.05731635200001,27.73362249807403,2.101131938463745,5.992
1070,1070,64,768,12,8,64,64,8192.0,1024.0,786432.0,98304.0,5.0,3.734,1.069,1024,128,768,82.464,312404981.1456,30.977025024000003,32.28198961085618,2.5544893915791365,5.992
1071,1071,16,768,12,16,64,64,3072.0,512.0,589824.0,98304.0,5.0,3.723,1.081,1536,256,384,59.328,237123980.697408,35.308098048,28.32211462199234,2.094758840991744,5.992
1072,1072,32,768,12,16,64,64,4096.0,512.0,786432.0,98304.0,5.0,3.564,1.249,1024,128,768,82.56,315251230.924608,29.566715904,33.82181515346156,2.44102806503424,5.992
1073,1073,16,768,12,32,64,64,2048.0,256.0,786432.0,98304.0,5.0,3.989,0.801,1024,128,768,84.48,324649764.863616,33.092488704,30.218337730493104,2.79565344571392,5.992
